Date/Time :,2020/12/15 @ 12:41:58 PM,2020/12/16 @ 12:33:16 PM,2020/12/17 @ 12:41:21 PM,2020/12/18 @ 12:48:45 PM,2020/12/19 @ 12:40:49 PM,2020/12/20 @ 12:48:20 PM,2020/12/21 @ 12:39:27 PM,2020/12/22 @ 12:47:51 PM,2020/12/23 @ 12:40:09 PM
Survey Type :,FINAL_DTS,FINAL_DTS,FINAL_DTS,FINAL_DTS,FINAL_DTS,FINAL_DTS,FINAL_DTS,FINAL_DTS,FINAL_DTS
X Units :,Meters,Meters,Meters,Meters,Meters,Meters,Meters,Meters,Meters
Y Units :,Celsius,Celsius,Celsius,Celsius,Celsius,Celsius,Celsius,Celsius,Celsius
Calibrated Depth Interval :,0.00,0.00,0.00,0.00,0.00,0.00,0.00,0.00,0.00
Distance Average :,0.00,0.00,0.00,0.00,0.00,0.00,0.00,0.00,0.00
Time Average :,23:59:59,23:59:59,23:59:59,23:59:59,23:59:59,23:59:59,23:59:59,23:59:59,23:59:59
Asset :,1AP6,1AP6,1AP6,1AP6,1AP6,1AP6,1AP6,1AP6,1AP6
Probe Name :,1AP6,1AP6,1AP6,1AP6,1AP6,1AP6,1AP6,1AP6,1AP6
Distance (m),Temp(C),Temp (C),Temp (C),Temp (C),Temp (C),Temp (C),Temp (C),Temp (C),Temp (C)

825.765,166.200,165.851,165.840,166.633,165.950,165.720,166.096,166.453,166.558
826.265,166.075,165.851,165.840,166.665,165.981,165.627,166.127,166.609,166.527
826.765,165.950,165.664,165.653,166.665,165.793,165.564,166.002,166.359,166.464
827.296,165.919,165.539,165.559,166.415,165.700,165.533,165.783,166.109,166.370
827.796,166.106,165.633,165.684,166.571,165.700,165.720,165.908,166.171,166.277
828.296,166.419,166.070,165.997,166.977,166.106,166.033,166.252,166.390,166.620
828.828,166.606,166.289,166.215,167.040,166.168,166.252,166.440,166.609,166.839
829.328,166.325,166.039,165.934,166.727,165.981,165.939,166.252,166.484,166.683
829.828,165.731,165.414,165.372,166.196,165.606,165.470,165.752,166.046,166.183
830.359,165.419,164.945,164.840,165.883,165.262,165.064,165.440,165.546,165.714
830.859,165.294,164.883,164.872,166.008,165.043,164.970,165.315,165.546,165.589
831.359,165.575,165.383,165.434,166.258,165.200,165.158,165.502,165.984,165.839
831.890,166.138,165.820,165.622,166.696,165.700,165.627,165.940,166.546,166.558
832.390,166.138,165.570,165.559,166.602,165.762,165.658,166.065,166.421,166.620
832.890,165.450,165.070,165.028,165.727,165.293,165.002,165.377,165.640,165.777
833.421,165.263,165.039,164.872,165.321,164.762,164.720,164.877,165.359,165.277
833.921,165.700,165.476,165.153,165.821,165.137,165.095,165.283,165.796,165.777
834.421,165.731,165.601,165.059,165.821,165.200,165.127,165.315,165.765,165.777
834.953,165.044,164.914,164.340,165.196,164.450,164.345,164.658,165.046,165.152
835.453,164.544,164.383,163.997,164.915,164.137,163.908,164.221,164.734,164.777
835.953,164.544,164.508,164.278,165.071,164.231,164.189,164.408,164.859,164.777
836.484,164.200,164.226,164.059,164.883,163.856,163.908,164.158,164.421,164.464
836.984,162.638,162.383,162.278,163.040,162.137,162.127,162.283,162.671,162.652
837.484,160.669,160.383,160.184,160.977,160.012,160.064,160.315,160.765,160.839
838.015,160.669,160.351,159.997,160.915,159.856,160.033,160.315,160.828,160.839
838.515,162.856,162.164,162.028,162.977,162.012,162.064,162.377,162.921,162.870
839.015,165.513,164.758,164.809,165.852,164.887,164.814,165.158,165.515,165.652
839.546,167.044,166.601,166.528,167.571,166.668,166.377,166.721,167.265,167.277
840.046,167.200,166.726,166.715,167.727,166.856,166.783,167.190,167.765,167.745
840.546,166.481,166.039,165.997,166.946,166.293,166.189,166.596,167.078,167.277
841.078,165.981,165.289,165.434,166.290,165.700,165.502,165.940,166.171,166.433
841.578,165.919,165.289,165.340,166.196,165.575,165.408,165.752,165.984,166.120
842.078,166.294,165.851,165.840,166.915,166.012,165.845,166.158,166.640,166.683
842.609,166.731,166.070,166.278,167.040,166.481,166.252,166.690,166.984,167.027
843.109,166.575,165.945,166.122,166.915,166.387,166.220,166.627,166.953,167.027
843.609,166.638,165.851,165.809,166.946,166.231,166.158,166.596,166.796,166.933
844.140,166.763,165.976,165.903,166.883,166.231,166.158,166.783,166.671,166.902
844.640,166.919,166.320,165.997,167.102,166.450,166.314,166.783,166.828,167.152
845.140,167.481,166.726,166.528,167.602,166.950,166.783,167.252,167.515,167.589
845.671,168.200,167.476,167.278,168.383,167.887,167.814,168.065,168.484,168.464
846.171,169.106,168.195,167.997,169.102,168.637,168.658,169.002,169.296,169.183
846.703,169.481,168.351,168.340,169.352,168.918,168.877,169.221,169.578,169.464
847.203,169.669,168.539,168.372,169.540,168.918,168.814,169.002,169.296,169.370
847.703,169.200,168.570,168.497,169.571,168.668,168.470,168.658,168.984,168.964
848.234,168.856,168.570,168.497,169.508,168.418,168.033,168.346,168.671,168.652
848.734,168.981,168.601,168.309,169.290,168.168,167.939,168.190,168.484,168.495
849.234,168.950,168.320,168.122,169.008,167.950,167.658,168.002,168.203,168.214
849.765,168.888,168.070,168.028,168.758,167.700,167.502,167.721,167.953,168.089
850.265,168.825,168.070,167.840,168.477,167.637,167.283,167.690,167.859,168.120
850.765,168.638,168.070,167.747,168.383,167.481,167.283,167.658,167.828,167.902
851.296,168.669,168.133,167.747,168.571,167.793,167.752,167.846,168.046,168.183
851.796,169.075,168.414,168.278,169.040,168.200,168.283,168.283,168.546,168.714
852.296,169.294,168.570,168.434,169.321,168.325,168.283,168.471,168.828,168.933
852.828,169.013,168.476,168.153,169.008,168.231,168.158,168.377,168.640,168.620
853.328,168.825,168.351,168.059,168.946,168.231,168.002,168.190,168.421,168.370
853.828,168.981,168.695,168.497,169.165,168.450,168.252,168.408,168.640,168.620
854.359,169.638,169.101,169.090,169.790,168.887,168.752,168.877,169.140,169.183
854.859,170.013,169.258,169.215,170.040,169.137,168.970,169.033,169.578,169.527
855.359,169.731,168.976,168.809,169.696,168.606,168.408,168.721,169.078,169.277
855.890,169.356,168.664,168.184,168.821,168.075,167.908,168.033,168.453,168.527
856.390,169.200,168.351,167.747,168.446,167.575,167.533,167.783,168.140,168.058
856.890,168.981,168.101,167.715,168.446,167.606,167.533,167.752,168.140,168.058
857.421,168.700,167.664,167.403,167.977,167.543,167.377,167.690,168.109,168.089
857.921,168.419,167.164,166.840,167.477,166.918,166.845,167.252,167.890,167.714
858.421,168.138,167.039,166.747,167.477,166.731,166.814,167.065,167.703,167.683
858.953,168.169,167.133,167.059,167.915,167.200,166.908,167.440,167.921,167.964
859.453,168.575,167.695,167.434,168.540,167.606,167.533,167.971,168.328,168.308
859.953,168.763,168.101,167.840,168.696,167.825,167.814,168.065,168.609,168.464
860.484,168.669,167.664,167.715,168.696,167.793,167.689,168.002,168.359,168.464
860.984,168.388,167.508,167.465,168.571,167.637,167.533,167.815,168.296,168.308
861.484,168.825,167.633,167.528,168.540,167.668,167.533,168.002,168.234,168.339
862.015,169.075,168.070,167.809,168.696,167.856,167.752,168.252,168.390,168.620
862.515,169.075,168.070,167.622,168.602,167.606,167.752,168.065,168.296,168.308
863.015,168.731,167.664,167.184,168.258,167.137,167.220,167.502,167.953,167.870
863.546,168.606,167.445,166.965,167.977,167.012,167.002,167.346,167.703,167.714
864.046,168.513,167.601,167.215,168.040,166.981,167.064,167.346,167.734,167.870
864.546,168.669,167.851,167.340,168.352,167.262,167.314,167.596,168.078,168.183
865.078,168.731,167.726,167.528,168.383,167.543,167.470,167.783,168.296,168.277
865.578,168.731,167.695,167.528,168.571,167.793,167.627,167.940,168.296,168.339
866.078,168.825,167.695,167.715,168.665,167.918,167.627,168.065,168.296,168.402
866.609,168.731,167.820,167.840,168.727,167.856,167.877,168.096,168.578,168.527
867.109,168.731,167.851,167.747,168.665,167.887,167.970,168.033,168.640,168.652
867.640,168.981,168.070,167.903,168.915,167.981,168.095,168.190,169.015,168.964
868.140,169.356,168.414,168.247,169.290,168.325,168.345,168.815,169.265,169.245
868.640,169.356,168.289,168.247,169.196,168.325,168.314,168.627,169.171,169.120
869.171,169.263,167.976,167.872,168.727,167.950,167.877,168.221,168.640,168.745
869.671,168.981,167.883,167.653,168.477,167.856,167.783,168.065,168.421,168.308
870.171,168.731,167.758,167.653,168.477,167.762,167.752,168.033,168.390,168.308
870.703,168.919,167.945,167.590,168.477,167.825,167.752,168.065,168.328,168.308
871.203,168.950,168.164,167.872,168.696,167.762,167.720,167.971,168.296,168.402
871.703,168.950,168.195,167.965,168.696,167.856,167.689,167.971,168.140,168.370
872.234,168.856,168.289,167.934,168.790,167.856,167.689,167.940,168.328,168.370
872.734,168.794,168.258,167.997,169.008,168.106,167.970,167.940,168.484,168.527
873.234,169.013,168.289,167.997,169.102,168.106,168.064,168.190,168.421,168.620
873.765,168.950,168.195,167.934,168.883,168.043,167.720,167.815,168.390,168.495
874.265,168.544,167.945,167.840,168.540,167.731,167.439,167.815,168.140,168.370
874.765,168.481,167.695,167.653,168.633,167.575,167.377,167.721,168.265,168.308
875.296,168.669,167.789,167.747,168.883,167.668,167.658,167.815,168.390,168.370
875.796,168.825,168.320,167.872,168.883,167.887,167.689,168.096,168.390,168.464
876.296,168.763,168.289,167.965,168.883,167.981,167.783,168.096,168.203,168.433
876.828,168.794,168.289,168.247,168.883,168.200,167.908,168.127,168.359,168.464
877.328,169.044,168.414,168.434,169.133,168.293,168.033,168.190,168.671,168.683
877.828,169.013,168.414,168.559,169.196,168.293,168.127,168.565,168.890,168.683
878.359,169.044,168.226,168.278,169.165,168.325,168.033,168.565,168.796,168.683
878.859,169.106,168.195,168.059,169.321,168.293,167.970,168.440,168.578,168.620
879.359,169.075,168.445,168.372,169.321,168.387,168.158,168.440,168.640,168.652
879.890,169.200,168.789,168.528,169.446,168.418,168.439,168.690,168.953,169.027
880.390,169.575,169.008,168.903,169.665,168.762,168.814,168.971,169.296,169.433
880.890,169.950,169.164,169.309,169.883,169.137,169.002,169.377,169.515,169.808
881.421,169.856,169.164,169.215,170.008,169.137,169.095,169.346,169.515,169.777
881.921,169.856,169.133,169.278,170.133,169.200,169.064,169.315,169.609,169.652
882.421,170.231,169.445,169.247,170.290,169.293,169.158,169.533,169.703,169.745
882.953,170.388,169.633,169.528,170.508,169.543,169.439,169.815,169.953,170.120
883.453,170.513,169.945,169.622,170.665,169.825,169.720,169.971,170.234,170.402
883.953,170.638,170.039,169.684,170.852,170.043,169.939,170.096,170.328,170.527
884.484,170.825,170.039,169.965,171.008,170.043,169.908,170.127,170.484,170.464
884.984,170.825,170.070,169.965,171.071,170.043,169.877,170.190,170.484,170.402
885.484,170.575,170.101,169.934,170.946,169.856,169.783,170.127,170.515,170.402
886.015,170.169,169.851,169.653,170.633,169.575,169.470,170.002,170.296,170.089
886.515,169.856,169.476,169.215,170.133,169.200,169.127,169.377,169.609,169.714
887.046,169.513,168.914,168.559,169.665,168.762,168.658,168.752,169.109,169.308
887.546,169.388,168.758,168.590,169.790,168.668,168.627,168.752,169.140,169.183
888.046,169.606,169.039,168.965,170.071,168.950,168.845,169.033,169.328,169.464
888.578,169.388,168.820,168.715,169.665,168.856,168.595,169.033,169.109,169.370
889.078,168.856,168.258,168.184,169.165,168.293,168.189,168.502,168.671,168.839
889.578,169.138,168.320,168.622,169.352,168.387,168.408,168.658,168.984,168.902
890.109,169.700,169.070,169.122,169.852,169.043,169.033,169.346,169.578,169.370
890.609,169.825,169.414,169.090,170.040,169.200,169.189,169.346,169.703,169.652
891.109,169.638,169.070,168.965,169.790,168.887,168.845,169.127,169.484,169.652
891.640,169.325,168.758,168.653,169.415,168.637,168.533,168.971,169.234,169.277
892.140,169.419,168.820,168.778,169.633,168.825,168.533,168.971,169.140,169.277
892.640,169.638,169.164,168.934,169.915,169.043,168.845,169.065,169.515,169.777
893.171,169.606,168.789,168.903,169.758,168.731,168.814,168.877,169.515,169.370
893.671,169.356,168.570,168.778,169.665,168.606,168.689,169.002,169.328,169.370
894.171,169.669,168.914,169.059,170.133,169.075,169.158,169.471,169.671,169.839
894.703,170.106,169.258,169.528,170.665,169.637,169.689,169.908,170.203,170.183
895.203,170.263,169.383,169.840,170.758,169.762,169.783,169.908,170.421,170.527
895.703,170.294,169.289,169.590,170.415,169.637,169.658,169.908,170.453,170.308
896.234,170.106,169.070,169.278,170.102,169.325,169.533,169.783,170.140,170.214
896.734,169.700,168.820,168.997,169.977,168.918,169.189,169.440,170.015,169.964
897.234,169.044,168.289,168.403,169.383,168.575,168.533,168.846,169.484,169.370
897.765,168.200,167.383,167.497,168.446,167.450,167.627,167.815,168.140,168.245
898.265,167.575,166.758,166.934,167.758,166.762,167.095,167.252,167.421,167.620
898.765,168.138,167.195,167.278,168.071,167.137,167.345,167.565,167.796,167.714
899.296,168.263,167.601,167.590,168.446,167.700,167.502,167.877,168.109,168.058
899.796,168.263,167.601,167.465,168.446,167.668,167.439,167.658,168.109,168.058
900.296,168.169,167.508,167.434,168.227,167.606,167.314,167.596,168.046,168.089
900.828,168.575,167.758,167.747,168.415,167.637,167.470,167.877,168.203,168.464
901.328,168.794,168.070,168.028,168.821,167.856,167.970,168.190,168.484,168.620
901.828,168.794,168.320,168.184,168.852,168.043,168.033,168.158,168.640,168.683
902.359,168.794,168.226,168.153,168.852,168.075,167.939,168.002,168.609,168.527
902.859,169.013,168.258,168.184,169.008,168.137,167.970,168.252,168.796,168.589
903.359,169.013,168.383,168.247,169.196,168.231,168.189,168.408,168.765,168.777
903.890,168.700,168.164,168.122,168.883,167.918,168.033,168.221,168.390,168.558
904.390,168.388,167.820,167.528,168.446,167.668,167.564,167.690,168.296,168.152
904.890,168.388,167.695,167.590,168.415,167.668,167.345,167.627,168.203,168.152
905.421,168.638,168.039,168.059,168.915,167.950,167.658,168.127,168.609,168.495
905.921,168.950,168.226,168.309,169.165,168.168,168.158,168.533,168.859,168.808
906.421,169.013,168.226,168.090,168.946,168.075,167.939,168.471,168.703,168.745
906.953,168.856,168.070,168.090,168.696,168.012,167.939,168.221,168.703,168.620
907.453,169.231,168.070,168.153,168.915,168.293,168.189,168.565,168.984,169.089
907.984,169.669,168.851,168.653,169.696,168.950,168.877,169.315,169.546,169.558
908.484,170.325,169.539,169.465,170.508,169.668,169.658,169.783,170.234,170.058
908.984,170.544,169.820,169.840,170.790,169.981,169.939,170.158,170.453,170.464
909.515,170.513,169.820,169.809,170.790,170.075,169.970,170.096,170.421,170.558
910.015,170.513,169.820,169.684,170.633,170.168,169.783,170.033,170.609,170.558
910.515,170.325,169.851,169.653,170.633,170.043,169.689,170.033,170.609,170.495
911.046,170.481,169.758,169.715,170.602,169.918,169.658,170.033,170.515,170.464
911.546,170.200,169.539,169.590,170.352,169.575,169.564,169.721,170.234,170.245
912.046,169.888,169.258,169.153,170.071,169.450,169.252,169.315,169.765,169.870
912.578,169.794,169.226,169.028,169.883,169.356,169.064,169.190,169.546,169.745
913.078,170.013,169.445,169.184,170.071,169.481,169.158,169.408,169.609,169.839
913.578,169.981,169.414,169.403,170.071,169.325,169.283,169.596,169.921,169.964
914.109,169.919,169.164,169.278,170.040,169.137,169.158,169.127,169.765,169.652
914.609,169.763,169.195,169.059,169.915,169.075,168.845,169.065,169.515,169.620
915.109,169.950,169.476,169.184,170.227,169.200,169.252,169.533,169.796,169.777
915.640,170.138,169.633,169.434,170.227,169.450,169.408,169.783,169.921,169.995
916.140,170.263,169.601,169.528,170.258,169.450,169.345,169.690,169.984,170.058
916.640,170.263,169.664,169.497,170.290,169.606,169.283,169.752,170.078,170.058
917.171,170.200,169.570,169.403,170.321,169.512,169.345,169.596,169.984,169.964
917.671,169.856,169.289,169.153,170.133,169.012,169.064,169.440,169.640,169.589
918.171,169.325,168.851,168.715,169.696,168.762,168.595,168.971,169.171,169.183
918.703,169.356,168.945,168.965,169.571,168.793,168.595,168.846,169.140,169.183
919.203,169.763,169.445,169.247,170.071,169.262,169.002,169.221,169.671,169.652
919.703,170.325,169.820,169.590,170.696,169.637,169.502,169.815,170.171,170.277
920.234,170.356,169.789,169.434,170.508,169.637,169.502,169.940,170.171,170.152
920.734,170.138,169.351,169.184,170.196,169.481,169.252,169.565,169.890,169.808
921.234,169.950,169.320,169.122,169.977,169.387,169.064,169.377,169.671,169.683
921.765,170.263,169.664,169.497,170.540,169.575,169.314,169.533,169.828,170.089
922.265,170.763,169.945,170.090,170.852,170.075,169.783,170.127,170.421,170.652
922.765,170.981,170.351,170.122,171.102,170.200,170.002,170.377,170.828,170.745
923.296,171.169,170.476,170.215,171.258,170.387,170.158,170.658,170.984,170.933
923.796,171.200,170.664,170.403,171.165,170.450,170.439,170.658,171.140,170.933
924.296,171.200,170.789,170.590,171.290,170.481,170.377,170.627,170.953,171.058
924.828,171.138,170.633,170.622,171.477,170.512,170.470,170.752,170.953,171.058
925.328,171.138,170.508,170.622,171.665,170.637,170.502,170.752,170.921,171.058
925.828,171.200,170.695,170.622,171.477,170.637,170.658,170.627,170.921,171.152
926.359,171.169,170.664,170.559,171.602,170.637,170.658,170.658,170.921,171.058
926.859,171.138,170.695,170.434,171.383,170.606,170.345,170.690,170.921,171.089
927.359,170.763,170.383,170.028,171.071,170.231,169.908,170.471,170.609,170.808
927.890,170.638,170.101,169.809,170.821,170.168,169.783,169.908,170.296,170.402
928.390,170.763,170.070,169.840,170.821,170.137,169.752,169.877,170.390,170.402
928.921,170.763,170.195,170.153,171.102,170.137,169.783,170.065,170.484,170.652
929.421,170.700,170.351,170.215,171.071,170.137,169.970,170.440,170.671,170.652
929.921,170.700,170.320,170.215,171.165,170.356,169.939,170.377,170.609,170.620
930.453,170.763,170.383,170.215,171.102,170.293,170.158,170.283,170.578,170.620
930.953,170.919,170.383,170.309,171.102,170.293,170.189,170.377,170.765,170.683
931.453,170.888,170.383,170.278,171.102,170.137,170.189,170.346,170.796,170.714
931.984,170.731,170.258,170.184,171.008,170.043,169.970,170.377,170.484,170.589
932.484,170.825,170.383,170.278,171.071,170.293,170.033,170.502,170.640,170.683
932.984,171.200,170.789,170.497,171.508,170.606,170.502,170.783,171.078,171.089
933.515,171.263,171.133,170.934,171.665,171.043,170.627,170.908,171.171,171.183
934.015,171.263,171.008,170.934,171.758,171.012,170.658,170.940,171.234,171.308
934.515,171.481,171.133,170.997,171.758,171.012,170.689,170.908,171.265,171.339
935.046,171.606,171.258,171.059,171.915,171.043,170.720,171.002,171.328,171.339
935.546,171.638,171.289,170.840,171.915,171.075,170.845,171.002,171.328,171.339
936.046,171.575,170.945,170.559,171.758,171.075,170.595,171.002,171.234,171.339
936.578,171.638,171.070,170.747,171.915,171.106,170.658,171.033,171.296,171.495
937.078,171.669,171.195,170.934,171.977,171.106,170.845,171.283,171.484,171.495
937.578,171.575,171.226,171.090,171.977,171.075,170.939,171.252,171.359,171.495
938.109,171.513,171.195,170.997,172.071,171.137,170.970,171.190,171.265,171.433
938.609,171.513,171.008,170.903,171.977,171.075,170.877,171.033,171.359,171.464
939.109,171.544,171.008,170.903,171.821,170.981,170.783,171.033,171.421,171.558
939.640,171.575,171.101,170.778,171.821,171.200,171.095,171.065,171.546,171.433
940.140,171.919,171.164,170.903,172.008,171.231,171.064,171.127,171.546,171.370
940.640,171.513,171.039,170.809,171.852,171.012,170.752,171.002,171.234,171.308
941.171,171.513,170.883,170.747,171.758,170.793,170.595,170.908,171.171,171.277
941.671,171.575,171.070,170.997,171.852,170.950,170.689,171.096,171.453,171.277
942.171,171.888,171.320,171.215,171.977,171.200,170.877,171.283,171.546,171.620
942.703,171.981,171.508,171.309,172.133,171.293,171.127,171.346,171.484,171.777
943.203,171.981,171.539,171.372,172.446,171.418,171.127,171.377,171.453,171.870
943.703,172.075,171.414,171.372,172.227,171.450,171.220,171.346,171.453,171.808
944.234,171.888,171.164,170.965,171.821,171.106,170.970,171.190,171.328,171.495
944.734,171.513,170.976,170.715,171.540,170.887,170.720,170.846,171.203,171.152
945.234,171.294,170.758,170.747,171.446,170.575,170.533,170.658,170.984,171.089
945.765,171.169,170.539,170.747,171.508,170.512,170.502,170.752,170.984,171.027
946.265,171.169,170.726,170.465,171.352,170.450,170.314,170.752,170.921,170.933
946.765,171.200,170.570,170.434,171.383,170.325,170.439,170.752,171.015,170.839
947.296,171.200,170.601,170.622,171.540,170.575,170.595,170.815,171.078,171.027
947.796,171.638,170.945,170.903,171.821,170.981,170.752,171.127,171.265,171.558
948.328,171.575,171.195,171.090,171.883,171.200,170.939,171.252,171.328,171.652
948.828,171.481,170.820,170.872,171.727,170.981,170.877,171.127,171.328,171.402
949.328,171.231,170.758,170.778,171.727,170.793,170.720,171.033,171.296,171.277
949.859,171.669,171.133,171.215,172.133,170.950,171.033,171.190,171.484,171.714
950.359,172.106,171.695,171.528,172.602,171.356,171.533,171.658,171.984,171.933
950.859,172.231,171.820,171.653,172.727,171.793,171.658,171.658,172.015,172.120
951.390,172.231,171.883,171.653,172.508,171.700,171.689,171.565,172.140,172.120
951.890,172.200,171.789,171.465,172.415,171.700,171.377,171.471,172.078,171.808
952.390,172.044,171.695,171.372,172.352,171.543,171.189,171.502,171.890,171.808
952.921,171.888,171.289,171.247,172.196,171.356,171.095,171.502,171.828,171.714
953.421,171.638,171.289,171.247,172.102,171.168,171.033,171.252,171.671,171.714
953.921,171.638,171.226,171.247,172.040,171.168,170.783,171.346,171.515,171.527
954.453,171.419,171.164,170.965,171.977,171.012,170.752,171.190,171.484,171.527
954.953,170.731,170.320,170.403,171.415,170.387,170.314,170.533,170.984,170.902
955.453,170.575,170.226,170.340,171.258,170.387,170.220,170.315,170.703,170.683
955.984,171.669,171.101,171.153,171.977,171.106,170.752,171.002,171.140,171.433
956.484,172.044,171.758,171.528,172.446,171.700,171.283,171.565,171.609,171.902
956.984,172.044,171.695,171.715,172.477,171.762,171.408,171.658,171.828,171.902
957.515,172.106,171.633,171.403,172.415,171.700,171.252,171.596,171.765,171.808
958.015,171.794,171.320,171.215,172.321,171.543,171.189,171.346,171.671,171.777
958.515,171.419,171.133,171.090,171.758,171.043,170.970,170.940,171.421,171.464
959.046,171.294,170.914,170.934,171.540,170.856,170.752,170.846,171.328,171.464
959.546,171.606,171.101,171.309,171.946,171.293,171.064,171.283,171.484,171.652
960.046,171.763,171.101,171.215,172.133,171.325,171.158,171.315,171.640,171.620
960.578,171.606,171.070,170.809,171.946,171.168,170.845,171.190,171.390,171.370
961.078,171.606,171.008,170.840,171.946,171.075,170.939,171.096,171.359,171.464
961.578,171.825,171.164,171.247,172.383,171.418,171.127,171.502,171.796,171.902
962.109,172.138,171.695,171.559,172.602,171.762,171.502,171.721,172.046,172.214
962.609,172.138,171.695,171.622,172.446,171.700,171.502,171.502,171.890,172.214
963.109,172.138,171.508,171.340,172.165,171.481,171.283,171.377,171.859,171.995
963.640,172.138,171.476,171.434,172.446,171.575,171.439,171.377,172.046,171.839
964.140,172.200,171.570,171.747,172.540,171.606,171.783,171.471,172.078,171.995
964.640,172.044,171.570,171.590,172.571,171.512,171.564,171.658,171.890,172.152
965.171,171.481,171.070,170.840,171.915,171.012,170.814,171.190,171.421,171.433
965.671,170.888,170.539,170.309,171.165,170.387,170.314,170.783,170.796,170.745
966.171,170.950,170.539,170.372,171.133,170.481,170.283,170.658,170.796,170.745
966.703,171.231,170.976,170.684,171.508,170.887,170.564,170.971,171.078,171.183
967.203,171.200,171.164,170.934,171.352,170.762,170.408,170.690,171.015,171.183
967.703,170.638,170.414,170.340,171.040,170.325,170.252,170.283,170.640,170.683
968.234,170.606,170.320,169.997,170.883,170.325,170.220,170.096,170.453,170.433
968.734,170.950,170.383,170.059,171.196,170.512,170.189,170.408,170.609,170.714
969.265,170.731,170.226,170.184,171.102,170.481,169.970,170.346,170.546,170.745
969.765,170.731,170.070,170.184,171.071,170.325,170.002,170.127,170.390,170.558
970.265,171.294,170.726,170.778,171.758,170.731,170.658,170.815,171.171,171.214
970.796,172.106,171.601,171.622,172.540,171.575,171.377,171.752,172.015,171.995
971.296,172.481,172.039,171.997,172.758,171.762,171.720,172.033,172.359,172.245
971.796,172.138,171.789,171.872,172.727,171.543,171.752,171.908,172.140,172.152
972.328,171.575,171.258,171.090,172.040,171.293,171.377,171.596,171.828,171.777
972.828,171.294,170.914,170.747,171.852,171.168,171.002,171.440,171.578,171.683
973.328,171.763,171.320,171.090,172.165,171.481,171.189,171.502,171.703,172.027
973.859,172.513,171.976,171.653,172.665,171.887,171.689,171.877,172.046,172.433
974.359,172.419,171.976,171.872,172.790,171.950,171.877,171.940,172.203,172.402
974.859,171.950,171.601,171.434,172.633,171.762,171.502,171.658,172.015,172.089
975.390,171.731,171.226,171.434,172.321,171.606,171.408,171.502,171.921,171.902
975.890,171.669,171.258,171.434,172.352,171.481,171.252,171.658,172.046,171.870
976.390,171.763,171.508,171.622,172.352,171.387,171.283,171.596,171.921,171.777
976.921,171.513,171.351,171.247,172.040,171.231,171.002,171.408,171.484,171.495
977.421,171.231,170.789,170.715,171.540,170.918,170.502,170.940,170.953,171.214
977.921,171.356,170.539,170.559,171.477,170.731,170.408,170.940,170.890,170.870
978.453,171.450,170.976,170.684,171.915,170.950,170.752,171.002,171.296,171.183
978.953,171.638,171.258,171.215,172.133,171.106,171.064,171.283,171.671,171.589
979.453,171.575,171.226,171.278,171.915,170.856,170.845,171.221,171.421,171.558
979.984,171.263,170.789,170.840,171.508,170.762,170.627,170.783,171.140,171.152
980.484,171.075,170.508,170.372,171.258,170.700,170.314,170.596,171.046,170.902
980.984,170.950,170.476,170.215,171.102,170.668,170.314,170.502,170.703,170.683
981.515,170.419,169.914,169.840,170.602,170.043,169.752,170.096,170.421,170.214
982.015,170.419,169.976,169.872,170.633,169.793,169.689,170.033,170.390,170.308
982.515,170.981,170.945,170.684,171.633,170.887,170.595,170.690,171.046,171.120
983.046,171.575,171.570,171.153,172.196,171.387,171.033,171.127,171.484,171.589
983.546,171.450,171.070,170.778,171.915,171.075,170.908,170.908,171.234,171.370
984.046,170.950,170.508,170.153,171.290,170.356,170.314,170.408,170.671,170.964
984.578,170.919,170.570,170.403,171.477,170.356,170.377,170.596,170.671,170.870
985.078,171.638,171.258,171.247,172.133,171.043,170.939,171.158,171.421,171.558
985.578,172.044,171.695,171.622,172.508,171.543,171.314,171.627,171.890,171.964
986.109,171.981,171.570,171.559,172.571,171.512,171.470,171.658,171.953,172.089
986.609,171.575,171.039,170.997,171.821,170.950,170.939,171.033,171.328,171.214
987.109,170.763,170.508,170.465,171.477,170.481,170.283,170.565,170.703,170.808
987.640,171.044,170.883,170.809,171.665,170.825,170.595,170.908,171.109,171.214
988.140,172.013,171.539,171.528,172.508,171.575,171.627,171.721,171.890,172.027
988.640,172.450,171.976,172.090,172.696,171.981,172.095,172.065,172.390,172.402
989.171,172.325,172.133,172.090,172.758,172.231,172.002,172.190,172.359,172.558
989.671,172.106,172.101,171.965,172.883,172.012,171.814,172.190,172.328,172.527
990.203,172.106,171.945,171.934,172.852,171.887,171.783,172.158,172.265,172.402
990.703,172.169,171.789,171.715,172.696,171.918,171.689,172.158,172.265,172.214
991.203,171.700,171.445,171.528,172.446,171.543,171.627,171.627,171.921,172.027
991.734,171.106,170.601,171.059,171.665,171.075,171.002,171.221,171.265,171.558
992.234,170.763,170.195,170.653,171.415,170.856,170.752,171.033,171.203,171.402
992.734,170.575,170.195,170.559,171.477,170.856,170.752,170.940,171.359,171.308
993.265,170.638,170.195,170.497,171.508,170.731,170.689,171.096,171.234,171.402
993.765,170.356,169.914,170.090,171.133,170.356,170.439,170.752,170.859,171.027
994.265,169.825,169.351,169.340,170.727,169.793,169.783,169.971,170.421,170.402
994.796,169.575,168.851,169.028,170.196,169.512,169.408,169.721,170.046,170.245
995.296,169.388,168.789,168.934,170.165,169.762,169.752,169.877,170.109,170.245
995.796,169.388,169.070,169.215,170.477,169.981,169.845,170.221,170.328,170.527
996.328,169.169,168.914,169.028,170.071,169.543,169.533,170.002,170.328,170.214
996.828,168.356,167.883,168.028,169.352,168.731,168.720,168.971,169.484,169.245
997.328,168.481,168.070,168.090,169.477,168.825,169.002,168.971,169.484,169.527
997.859,169.856,169.601,169.465,170.477,169.887,170.002,170.158,170.515,170.652
998.359,170.763,170.383,170.309,171.321,170.793,170.658,170.815,171.203,171.495
998.859,170.388,169.820,169.934,171.071,170.231,170.252,170.565,170.890,171.058
999.390,169.231,168.476,168.497,169.727,168.887,169.033,169.408,169.828,169.808
999.890,167.950,166.914,166.934,168.040,167.418,167.502,168.033,168.609,168.402
1000.390,166.825,165.883,166.028,167.196,166.293,166.345,166.690,167.109,167.089
1000.921,165.700,164.570,164.840,165.915,165.293,165.408,165.377,165.640,165.839
1001.421,164.200,162.976,163.215,164.321,163.481,163.877,163.752,164.046,164.120
1001.921,164.263,163.008,163.184,164.290,163.637,163.595,163.690,163.953,163.902
1002.452,166.231,165.133,165.309,166.477,165.918,165.814,166.033,166.234,166.152
1002.952,167.825,167.008,167.309,168.446,168.106,168.095,168.377,168.609,168.433
1003.452,168.888,168.258,168.747,169.633,168.981,169.220,169.346,169.546,169.589
1003.984,169.575,169.039,169.622,170.290,169.793,169.877,170.127,170.140,170.339
1004.484,169.231,168.726,169.340,170.290,169.606,169.658,169.940,169.890,170.120
1004.984,168.075,167.351,167.997,169.227,168.731,168.752,169.346,169.328,169.277
1005.515,166.606,165.883,166.809,168.071,167.825,167.845,168.221,168.390,167.964
1006.015,166.450,165.758,166.465,167.790,167.168,167.314,167.658,167.890,167.245
1006.515,168.294,167.351,167.934,168.946,168.106,168.252,168.471,168.484,168.589
1007.046,169.669,169.195,169.434,170.571,169.981,169.752,170.002,170.109,170.308
1007.546,170.794,170.476,170.747,171.790,171.137,170.908,171.315,171.171,171.495
1008.046,170.825,170.289,170.278,171.571,170.887,170.845,171.065,171.046,171.120
1008.577,169.888,169.039,169.184,170.477,169.793,169.970,170.002,170.171,170.370
1009.077,169.700,169.039,169.247,170.477,169.793,169.845,169.971,170.203,170.402
1009.609,170.731,170.195,170.653,171.633,171.043,170.908,171.065,171.359,171.339
1010.109,170.919,170.633,170.903,171.883,171.356,171.314,171.565,171.484,171.620
1010.609,170.669,170.539,170.715,171.883,171.168,171.033,171.346,171.484,171.402
1011.140,170.981,170.883,170.903,172.008,171.387,171.127,171.440,171.671,171.558
1011.640,171.263,170.883,170.965,172.008,171.575,171.127,171.377,171.703,171.558
1012.140,170.763,170.039,170.247,171.571,170.981,170.658,170.877,170.890,170.870
1012.671,169.794,168.851,169.278,170.508,169.762,169.595,169.908,169.890,169.964
1013.171,170.450,169.633,169.653,170.946,169.950,170.127,170.221,170.390,170.589
1013.671,172.263,171.789,171.622,172.633,171.762,171.752,171.846,172.234,172.058
1014.202,173.138,172.820,172.778,173.633,172.731,172.377,172.690,172.921,172.777
1014.702,172.794,172.601,172.590,173.540,172.637,172.189,172.596,172.515,172.777
1015.202,172.513,172.320,172.340,173.290,172.356,171.939,172.346,172.390,172.589
1015.734,172.450,172.414,172.340,173.321,172.387,171.939,172.283,172.484,172.589
1016.234,172.731,172.945,172.840,173.696,172.700,172.408,172.565,172.984,172.995
1016.734,172.700,172.914,172.778,173.696,172.575,172.689,172.752,172.890,172.995
1017.265,172.794,172.820,172.747,173.352,172.200,172.314,172.690,172.671,172.683
1017.765,173.138,173.070,172.965,173.602,172.606,172.220,172.627,172.796,172.839
1018.265,173.481,173.445,173.340,174.102,173.106,172.658,173.096,173.328,173.214
1018.796,173.513,173.539,173.403,174.321,173.512,173.189,173.533,173.578,173.495
1019.296,173.638,173.445,173.309,174.321,173.512,173.345,173.533,173.671,173.527
1019.796,173.794,173.539,173.372,174.290,173.293,173.283,173.377,173.828,173.527
1020.327,173.856,173.539,173.403,174.165,173.075,173.158,173.221,173.578,173.589
1020.827,173.669,173.445,173.247,173.946,173.106,173.064,173.190,173.484,173.402
1021.327,173.044,173.008,172.872,173.665,172.981,172.783,172.971,173.046,173.027
1021.859,172.669,172.320,172.403,173.258,172.543,172.189,172.408,172.515,172.652
1022.359,172.544,172.351,172.340,173.133,172.450,171.908,172.190,172.296,172.558
1022.859,172.700,172.508,172.434,173.383,172.387,172.127,172.315,172.421,172.652
1023.390,172.575,172.195,172.215,173.321,172.293,172.127,172.065,172.484,172.464
1023.890,172.263,171.945,171.715,172.915,172.012,171.814,171.877,172.234,172.152
1024.390,172.013,171.914,171.622,172.602,171.700,171.595,171.627,171.859,172.183
1024.921,172.013,171.914,171.715,172.665,171.793,171.502,171.752,171.828,172.183
1025.421,172.013,171.883,171.872,172.696,171.793,171.595,171.971,171.828,172.120
1025.921,171.481,171.539,171.590,172.290,171.418,171.408,171.471,171.796,171.777
1026.452,171.075,171.070,170.965,171.915,171.012,170.814,171.096,171.359,171.558
1026.952,171.294,171.195,171.059,171.915,171.075,170.908,171.190,171.515,171.714
1027.452,171.481,171.476,171.372,172.258,171.325,171.158,171.502,171.703,171.745
1027.984,171.263,171.070,171.090,171.915,171.012,170.845,171.221,171.296,171.620
1028.484,170.263,170.258,169.997,170.915,170.012,169.939,170.283,170.734,170.808
1028.984,169.606,169.476,169.122,170.165,169.231,169.252,169.502,170.109,170.120
1029.515,169.356,168.914,168.840,169.727,168.887,168.939,169.252,169.609,169.745
1030.015,169.013,168.789,168.809,169.727,168.887,168.720,169.065,169.515,169.589
1030.546,169.200,168.976,168.965,169.946,169.106,168.752,169.315,169.734,169.777
1031.046,169.263,169.039,168.872,169.915,169.075,168.752,169.221,169.671,169.652
1031.546,168.575,168.195,168.184,169.040,168.325,168.220,168.565,168.734,168.933
1032.077,167.731,167.414,167.309,168.196,167.356,167.377,167.690,167.953,167.995
1032.577,167.419,166.914,166.934,167.665,167.075,166.814,167.221,167.609,167.464
1033.077,167.513,167.133,166.965,167.915,167.137,166.970,167.283,167.765,167.714
1033.609,167.856,167.476,167.434,168.258,167.387,167.345,167.565,167.796,168.120
1034.109,167.856,167.414,167.247,167.946,167.168,167.002,167.377,167.609,167.745
1034.609,167.263,166.695,166.497,167.321,166.950,166.408,166.721,167.171,167.120
1035.140,166.856,166.320,166.153,167.008,166.262,166.002,166.252,166.734,166.839
1035.640,166.856,166.320,166.153,167.102,166.293,166.002,166.471,166.515,166.714
1036.140,167.263,166.726,166.684,167.477,166.481,166.439,166.596,166.828,167.058
1036.671,167.950,167.226,167.090,168.071,167.200,167.033,167.221,167.578,167.620
1037.171,167.919,167.289,167.059,168.133,167.231,167.095,167.346,167.546,167.683
1037.671,167.481,167.101,166.778,167.633,166.762,166.783,166.877,167.140,167.402
1038.202,166.450,166.101,165.809,166.696,165.887,165.752,165.815,166.171,166.308
1038.702,165.638,165.258,164.872,165.821,165.106,164.814,164.908,165.234,165.277
1039.202,165.544,165.164,164.903,165.821,165.106,164.720,164.908,165.140,165.370
1039.734,166.263,165.601,165.684,166.446,165.700,165.377,165.658,165.859,165.964
1040.234,167.169,166.320,166.215,167.040,166.418,166.064,166.346,166.546,166.777
1040.734,167.450,166.664,166.465,167.508,166.668,166.502,166.783,166.921,167.152
1041.265,167.450,166.851,166.653,167.602,166.668,166.627,166.815,167.078,167.402
1041.765,167.294,166.851,166.653,167.602,166.700,166.502,166.783,167.140,167.402
1042.265,167.294,166.851,166.747,167.602,166.825,166.533,166.815,167.078,167.245
1042.796,167.825,166.945,166.809,167.665,167.262,166.752,167.096,167.390,167.277
1043.296,168.013,167.414,167.278,168.165,167.450,167.033,167.252,167.609,167.527
1043.796,168.200,167.539,167.309,168.352,167.575,167.283,167.471,167.828,167.933
1044.327,168.669,168.101,167.715,168.821,167.731,167.658,167.877,168.109,168.370
1044.827,169.138,168.508,168.215,169.133,168.325,168.252,168.471,168.578,168.714
1045.327,169.544,168.883,168.747,169.790,168.950,168.783,169.033,168.984,169.214
1045.859,170.263,169.570,169.653,170.415,169.575,169.408,169.440,169.765,170.027
1046.359,171.075,170.414,170.309,171.196,170.262,170.095,170.127,170.484,170.433
1046.859,171.513,170.883,170.559,171.477,170.575,170.377,170.596,170.734,170.902
1047.390,171.481,170.883,170.372,171.290,170.731,170.502,170.596,170.734,170.808
1047.890,171.044,170.570,170.184,171.040,170.481,170.158,170.471,170.484,170.402
1048.390,171.044,170.351,170.215,171.040,170.168,169.908,170.190,170.296,170.402
1048.921,171.138,170.476,170.340,171.258,170.325,170.064,170.158,170.515,170.558
1049.421,171.231,170.476,170.340,171.227,170.481,170.252,170.252,170.671,170.558
1049.921,171.231,170.476,170.278,171.165,170.481,170.127,170.502,170.578,170.589
1050.452,171.075,170.476,170.184,170.946,170.356,170.064,170.502,170.390,170.620
1050.952,170.981,170.289,169.903,170.758,170.137,169.908,170.127,170.390,170.589
1051.484,170.794,169.976,169.809,170.665,170.012,169.752,170.033,170.234,170.308
1051.984,170.669,169.789,169.653,170.633,169.731,169.533,169.908,170.078,170.089
1052.484,170.700,169.883,169.747,170.727,169.825,169.533,169.908,170.171,170.277
1053.015,170.888,170.101,169.997,171.040,170.137,169.720,169.908,170.265,170.308
1053.515,170.888,170.226,169.997,171.008,170.262,169.814,169.908,170.296,170.464
1054.015,170.825,170.008,169.809,170.696,170.137,169.658,169.908,170.078,170.214
1054.546,170.763,169.851,169.715,170.540,169.856,169.720,169.846,170.046,170.058
1055.046,170.450,169.633,169.465,170.321,169.637,169.564,169.752,169.984,169.964
1055.546,170.294,169.601,169.403,170.352,169.418,169.345,169.596,169.921,169.933
1056.077,170.294,169.695,169.653,170.477,169.481,169.408,169.408,169.796,169.995
1056.577,170.450,169.820,169.653,170.508,169.731,169.533,169.565,169.828,170.089
1057.077,170.700,170.008,169.778,170.602,169.731,169.627,169.846,170.015,170.152
1057.609,170.763,170.101,169.934,170.758,169.856,169.658,169.846,170.015,170.277
1058.109,170.794,169.851,169.715,170.602,169.700,169.658,169.721,169.921,170.152
1058.609,170.450,169.508,169.403,170.290,169.543,169.408,169.346,169.921,169.745
1059.140,170.106,169.226,169.059,169.977,169.012,169.064,169.158,169.578,169.745
1059.640,170.075,169.320,168.903,169.790,168.918,168.783,169.158,169.265,169.558
1060.140,169.888,169.258,168.934,169.790,168.981,168.564,169.033,169.296,169.433
1060.671,169.981,169.195,168.965,169.883,169.075,168.783,169.065,169.296,169.433
1061.171,170.013,169.164,168.872,169.946,169.075,168.908,169.065,169.390,169.527
1061.671,170.013,169.133,168.872,169.883,169.043,168.908,169.065,169.390,169.714
1062.202,169.794,168.976,168.903,169.758,169.043,168.689,169.065,169.234,169.495
1062.702,169.794,169.039,168.934,169.696,168.950,168.689,169.096,169.234,169.277
1063.202,169.731,169.133,169.028,169.727,169.075,168.720,169.158,169.265,169.402
1063.734,169.888,169.195,169.122,169.758,169.137,169.002,169.158,169.390,169.558
1064.234,170.075,169.164,169.059,169.758,169.168,169.002,169.096,169.484,169.589
1064.734,170.106,169.039,169.059,169.758,169.043,169.002,169.190,169.484,169.589
1065.265,170.075,169.226,169.059,170.071,169.106,168.939,169.002,169.515,169.620
1065.765,170.106,169.383,169.184,170.102,169.387,169.158,169.190,169.671,169.495
1066.265,169.950,169.508,169.184,170.102,169.325,169.283,169.221,169.453,169.589
1066.796,169.856,169.383,169.090,169.946,169.106,169.095,169.283,169.484,169.714
1067.296,170.044,169.383,169.090,170.102,169.293,169.127,169.502,169.671,170.027
1067.796,169.919,169.351,169.153,170.165,169.325,169.127,169.377,169.578,169.995
1068.327,169.981,169.383,169.215,170.227,169.356,169.158,169.221,169.453,169.902
1068.827,170.044,169.383,169.215,170.196,169.325,169.095,169.221,169.515,169.839
1069.327,169.888,169.164,169.090,169.915,169.293,169.002,169.127,169.578,169.714
1069.859,169.669,169.070,168.809,169.821,169.231,169.002,168.940,169.484,169.527
1070.359,169.731,169.008,168.809,169.790,169.231,168.689,168.940,169.234,169.495
1070.859,169.731,168.976,168.684,169.821,169.106,168.689,168.940,169.046,169.339
1071.390,169.731,168.945,168.684,169.821,169.012,168.689,168.940,169.234,169.339
1071.890,169.825,168.758,168.684,169.602,168.700,168.564,168.971,169.234,169.402
1072.421,169.669,168.851,168.653,169.602,168.575,168.502,168.783,168.828,169.245
1072.921,169.606,168.758,168.653,169.540,168.606,168.439,168.846,168.640,169.058
1073.421,169.450,168.726,168.434,169.383,168.418,168.345,168.721,168.640,168.964
1073.952,169.169,168.508,168.278,169.102,168.356,168.220,168.596,168.640,168.745
1074.452,169.106,168.383,168.278,169.071,168.387,168.064,168.408,168.640,168.902
1074.952,169.075,168.320,168.153,169.133,168.450,168.189,168.346,168.734,168.964
1075.484,169.294,168.383,168.184,169.165,168.418,168.377,168.502,168.703,169.183
1075.984,169.169,168.320,168.278,169.227,168.356,168.377,168.565,168.734,169.058
1076.484,169.169,168.164,168.247,169.133,168.418,168.189,168.502,168.671,168.964
1077.015,169.294,168.320,168.184,168.977,168.168,167.939,168.471,168.640,168.714
1077.515,169.200,168.258,168.090,168.915,168.106,167.939,168.377,168.515,168.620
1078.015,169.044,168.226,168.090,168.883,168.075,167.970,168.346,168.421,168.652
1078.546,168.888,168.008,167.840,168.821,168.043,167.814,168.002,168.421,168.620
1079.046,168.919,167.851,167.715,168.758,167.825,167.658,167.908,168.265,168.433
1079.546,168.731,167.914,167.684,168.633,167.825,167.627,167.783,168.203,168.308
1080.077,168.544,167.851,167.622,168.665,167.668,167.658,167.940,168.328,168.214
1080.577,168.544,167.851,167.622,168.821,167.825,167.814,167.971,168.359,168.402
1081.077,168.606,167.789,167.684,168.977,167.950,167.814,167.971,168.328,168.402
1081.609,168.544,167.758,167.684,169.071,167.950,167.814,167.908,168.328,168.495
1082.109,168.794,167.789,167.715,168.977,167.981,167.689,167.971,168.328,168.495
1082.609,168.856,168.101,167.840,168.883,167.981,167.752,168.127,168.328,168.402
1083.140,168.856,168.164,167.997,168.946,168.012,167.845,168.127,168.390,168.495
1083.640,168.794,168.195,167.965,168.946,168.075,167.908,168.002,168.453,168.589
1084.140,168.888,168.195,167.997,168.946,168.200,168.002,168.190,168.515,168.777
1084.671,169.138,168.195,168.309,169.133,168.200,168.002,168.283,168.578,168.870
1085.171,169.231,168.383,168.340,169.133,168.262,168.158,168.408,168.703,168.839
1085.671,169.075,168.383,168.184,169.102,168.262,168.158,168.408,168.859,168.714
1086.202,168.888,168.383,168.122,169.133,168.293,168.220,168.283,168.828,168.714
1086.702,168.888,168.289,168.059,169.133,168.293,168.095,168.096,168.703,168.745
1087.202,168.638,168.008,168.028,168.790,168.106,168.064,168.002,168.671,168.620
1087.734,168.638,167.883,167.965,168.633,167.762,167.845,167.846,168.484,168.589
1088.234,169.075,167.883,167.997,168.758,167.793,167.939,167.908,168.484,168.464
1088.734,168.919,168.101,168.028,169.040,167.981,167.908,168.252,168.453,168.652
1089.265,168.825,168.258,167.997,168.977,168.168,167.877,168.315,168.484,168.745
1089.765,168.794,168.070,167.997,168.883,168.075,167.908,168.002,168.421,168.652
1090.265,168.888,168.039,167.997,168.883,167.825,167.814,168.033,168.453,168.402
1090.796,168.888,168.070,167.934,168.915,167.950,167.720,168.190,168.515,168.433
1091.296,168.888,168.133,167.997,168.977,168.168,167.814,168.283,168.515,168.745
1091.827,168.794,168.101,168.028,168.821,168.075,167.752,168.065,168.421,168.745
1092.327,168.731,168.101,167.965,168.602,167.825,167.752,168.096,168.390,168.589
1092.827,168.544,168.070,167.965,168.758,167.856,167.752,168.158,168.546,168.589
1093.359,168.731,168.070,167.965,168.915,168.137,167.845,168.190,168.515,168.683
1093.859,168.825,168.039,167.997,168.946,168.231,167.877,168.190,168.578,168.777
1094.359,168.763,168.070,167.997,168.915,168.200,167.783,168.158,168.515,168.714
1094.890,168.763,168.070,167.872,168.852,167.981,167.783,168.127,168.421,168.558
1095.390,168.856,168.039,167.934,168.915,167.981,167.939,168.158,168.453,168.652
1095.890,168.856,168.164,168.122,168.852,167.981,167.939,168.252,168.453,168.902
1096.421,168.919,168.101,168.122,168.821,168.075,168.033,168.252,168.359,168.777
1096.921,168.794,168.101,167.965,168.727,168.075,168.095,168.252,168.453,168.652
1097.421,168.669,167.914,167.778,168.758,167.918,168.002,168.221,168.515,168.620
1097.952,168.638,167.758,167.622,168.633,167.793,167.752,168.127,168.328,168.589
1098.452,168.513,167.758,167.809,168.477,167.856,167.689,168.065,168.265,168.558
1098.952,168.513,167.664,167.747,168.446,167.856,167.658,167.908,168.265,168.464
1099.484,168.700,167.695,167.559,168.540,167.825,167.720,167.908,168.203,168.433
1099.984,168.513,167.695,167.559,168.571,167.825,167.720,167.846,168.296,168.308
1100.484,168.544,167.445,167.465,168.508,167.762,167.502,167.690,168.171,168.277
1101.015,168.388,167.445,167.465,168.415,167.637,167.345,167.596,168.203,168.277
1101.515,168.231,167.601,167.403,168.227,167.543,167.408,167.627,168.171,168.277
1102.015,168.419,167.726,167.497,168.352,167.606,167.533,167.783,168.203,168.339
1102.546,168.575,167.851,167.778,168.696,167.825,167.689,167.971,168.359,168.464
1103.046,168.606,167.851,167.684,168.696,167.793,167.595,167.877,168.265,168.495
1103.546,168.419,167.601,167.622,168.508,167.700,167.377,167.877,168.046,168.433
1104.077,168.356,167.570,167.497,168.321,167.668,167.345,167.877,167.921,168.214
1104.577,168.325,167.539,167.403,168.383,167.637,167.439,167.846,168.046,168.214
1105.077,168.325,167.539,167.559,168.477,167.606,167.439,167.783,168.171,168.339
1105.609,168.231,167.570,167.528,168.352,167.575,167.439,167.627,168.078,168.089
1106.109,168.138,167.414,167.403,168.258,167.262,167.189,167.471,167.796,167.964
1106.609,168.013,167.320,167.309,168.227,167.293,167.189,167.440,167.796,167.964
1107.140,167.856,167.226,167.122,168.133,167.262,167.189,167.471,167.765,168.058
1107.640,167.856,167.226,167.153,167.946,167.418,167.220,167.471,167.765,168.152
1108.140,168.075,167.226,167.184,168.071,167.387,167.220,167.471,167.890,168.152
1108.671,168.138,167.289,167.153,168.165,167.231,167.220,167.690,167.921,168.089
1109.171,168.169,167.414,167.247,168.290,167.387,167.377,167.783,167.984,168.089
1109.671,168.200,167.476,167.434,168.290,167.512,167.658,167.846,168.140,168.277
1110.202,168.356,167.508,167.622,168.727,167.762,167.845,167.908,168.203,168.433
1110.702,168.388,167.695,167.809,168.758,167.731,167.845,168.033,168.265,168.495
1111.202,168.419,167.758,167.559,168.602,167.731,167.720,167.971,168.171,168.464
1111.734,168.419,167.726,167.528,168.571,167.700,167.658,167.815,168.203,168.464
1112.234,168.388,167.726,167.559,168.633,167.731,167.720,167.971,168.453,168.464
1112.765,168.419,167.851,167.653,168.883,167.918,167.752,168.127,168.453,168.464
1113.265,168.544,167.851,167.622,168.665,167.762,167.658,168.065,168.296,168.589
1113.765,168.356,167.726,167.465,168.415,167.606,167.627,167.908,168.171,168.558
1114.296,168.200,167.539,167.465,168.290,167.606,167.439,167.846,168.109,168.308
1114.796,168.231,167.414,167.590,168.508,167.606,167.408,167.752,168.078,168.308
1115.296,168.294,167.351,167.559,168.477,167.668,167.439,167.658,168.046,168.214
1115.827,168.294,167.383,167.403,168.352,167.543,167.439,167.658,167.890,168.027
1116.327,168.075,167.539,167.309,168.133,167.481,167.439,167.658,168.046,168.027
1116.827,168.044,167.695,167.309,168.258,167.481,167.345,167.627,168.140,168.183
1117.359,168.075,167.601,167.278,168.258,167.418,167.252,167.690,168.140,168.339
1117.859,168.138,167.570,167.247,168.290,167.418,167.283,167.690,168.140,168.214
1118.359,168.294,167.508,167.247,168.290,167.543,167.314,167.815,168.046,168.058
1118.890,168.325,167.508,167.465,168.258,167.700,167.314,167.752,168.109,168.214
1119.390,168.200,167.508,167.434,168.196,167.575,167.314,167.721,168.078,168.245
1119.890,168.106,167.351,167.465,168.133,167.418,167.345,167.627,167.859,168.152
1120.421,168.044,167.289,167.434,168.071,167.356,167.314,167.658,168.015,168.120
1120.921,168.044,167.351,167.434,168.165,167.512,167.189,167.658,168.046,168.120
1121.421,168.200,167.476,167.340,168.290,167.481,167.314,167.690,168.109,168.120
1121.952,168.294,167.445,167.340,168.446,167.481,167.564,167.783,168.203,168.120
1122.452,168.294,167.414,167.403,168.446,167.606,167.627,167.783,168.015,168.120
1122.952,168.200,167.508,167.528,168.446,167.700,167.533,167.783,168.015,168.152
1123.484,168.231,167.508,167.622,168.446,167.606,167.470,167.721,168.171,168.277
1123.984,168.388,167.633,167.653,168.321,167.668,167.470,167.752,168.296,168.339
1124.484,168.325,167.664,167.653,168.321,167.793,167.533,167.783,168.328,168.433
1125.015,168.294,167.758,167.590,168.477,167.793,167.564,167.877,168.171,168.402
1125.515,168.481,167.758,167.590,168.477,167.668,167.595,167.908,168.171,168.433
1126.015,168.450,167.789,167.715,168.415,167.606,167.502,167.877,168.171,168.370
1126.546,168.419,167.851,167.715,168.477,167.700,167.533,167.846,168.265,168.308
1127.046,168.450,167.726,167.715,168.540,167.793,167.502,167.908,168.265,168.308
1127.546,168.419,167.726,167.684,168.602,167.668,167.658,167.877,168.171,168.402
1128.077,168.419,167.820,167.715,168.571,167.606,167.595,167.752,168.140,168.433
1128.577,168.450,167.851,167.715,168.727,167.700,167.752,167.908,168.390,168.683
1129.077,168.544,167.945,167.778,168.665,167.887,167.877,167.908,168.421,168.714
1129.609,168.544,168.039,167.965,168.602,167.981,167.908,168.033,168.421,168.652
1130.109,168.513,167.976,168.059,168.665,167.981,167.908,168.158,168.421,168.464
1130.609,168.419,167.851,167.840,168.633,167.856,167.689,168.033,168.421,168.308
1131.140,168.481,167.851,167.778,168.540,167.856,167.689,167.908,168.421,168.370
1131.640,168.763,167.976,167.778,168.758,167.887,167.752,167.971,168.421,168.652
1132.171,168.763,167.945,167.778,168.633,167.887,167.814,167.971,168.421,168.683
1132.671,168.356,167.570,167.465,168.352,167.700,167.502,167.783,168.296,168.402
1133.171,168.138,167.383,167.372,168.102,167.543,167.408,167.752,168.109,168.152
1133.702,168.075,167.414,167.340,167.977,167.481,167.345,167.627,167.921,168.183
1134.202,167.888,167.414,167.278,167.977,167.387,167.252,167.627,167.828,168.152
1134.702,167.794,167.289,167.247,167.915,167.418,167.314,167.658,167.859,168.120
1135.234,167.919,167.195,167.247,168.133,167.450,167.377,167.627,167.859,168.120
1135.734,168.106,167.226,167.122,168.258,167.481,167.377,167.658,167.953,168.120
1136.234,168.106,167.226,167.122,168.227,167.387,167.252,167.690,167.859,168.120
1136.765,167.794,167.195,167.153,168.008,167.262,167.220,167.502,167.859,168.120
1137.265,167.669,167.133,167.059,167.790,167.262,167.064,167.283,167.828,168.058
1137.765,167.794,167.133,167.059,167.821,167.262,167.095,167.346,167.828,167.933
1138.296,167.856,167.164,166.997,168.008,167.137,167.158,167.377,167.734,167.902
1138.796,168.044,167.164,167.059,168.008,167.200,167.252,167.533,167.859,168.027
1139.296,168.013,167.195,167.215,168.102,167.325,167.345,167.565,167.890,168.120
1139.827,167.919,167.320,167.059,168.102,167.387,167.345,167.502,168.015,168.214
1140.327,168.013,167.289,167.059,167.946,167.325,167.283,167.533,167.984,168.120
1140.827,168.075,167.226,167.153,167.946,167.450,167.283,167.596,167.984,168.183
1141.359,168.200,167.445,167.372,168.071,167.512,167.408,167.627,167.984,168.308
1141.859,168.138,167.539,167.372,168.102,167.481,167.470,167.627,168.015,168.277
1142.359,167.950,167.258,167.184,168.196,167.387,167.283,167.565,167.859,168.152
1142.890,167.794,167.070,167.028,168.133,167.325,167.095,167.440,167.640,167.964
1143.390,167.731,167.195,167.028,167.946,167.231,166.970,167.283,167.765,168.089
1143.890,167.981,167.195,167.028,168.040,167.293,167.189,167.471,168.046,168.214
1144.421,168.075,167.320,167.372,168.446,167.512,167.439,167.783,168.046,168.370
1144.921,168.106,167.476,167.497,168.571,167.637,167.533,167.783,168.046,168.402
1145.421,168.075,167.383,167.309,168.258,167.387,167.377,167.596,167.953,168.183
1145.952,167.825,167.258,167.090,167.946,167.200,167.064,167.471,167.828,167.933
1146.452,167.669,167.133,167.028,167.727,167.075,166.970,167.408,167.765,167.933
1146.952,167.575,167.133,166.965,167.852,167.043,166.970,167.221,167.765,167.964
1147.484,167.669,167.133,166.934,167.915,167.137,167.002,167.221,167.703,167.964
1147.984,167.669,166.976,166.934,167.790,167.137,167.033,167.346,167.640,168.027
1148.484,167.638,166.976,166.809,167.696,167.043,167.033,167.377,167.640,168.027
1149.015,167.700,167.133,166.872,167.696,167.043,167.158,167.377,167.734,168.089
1149.515,167.669,167.133,166.872,167.696,167.168,167.064,167.283,167.765,167.902
1150.015,167.700,167.070,166.903,167.758,167.137,167.127,167.283,167.640,167.870
1150.546,167.731,167.101,166.997,167.758,167.075,167.033,167.346,167.671,167.933
1151.046,167.731,167.133,167.090,167.758,167.075,166.939,167.190,167.765,167.902
1151.546,167.606,167.070,167.059,167.602,167.137,166.908,167.190,167.796,167.870
1152.077,167.606,166.945,166.997,167.758,167.137,167.064,167.283,167.828,167.839
1152.577,167.606,166.883,166.997,167.821,167.043,167.095,167.377,167.703,167.808
1153.109,167.731,166.945,166.965,167.946,167.168,167.095,167.408,167.734,167.933
1153.609,167.731,166.945,166.934,167.883,167.200,167.158,167.471,167.765,167.933
1154.109,167.575,166.945,166.934,167.633,167.200,167.064,167.377,167.671,167.777
1154.640,167.575,167.070,166.934,167.696,167.137,166.877,167.190,167.640,167.777
1155.140,167.450,167.133,166.934,167.821,167.137,167.002,167.127,167.671,167.839
1155.640,167.450,167.101,166.934,167.758,167.106,167.002,167.283,167.609,167.870
1156.171,167.450,167.101,166.903,167.696,166.981,166.939,167.346,167.671,167.808
1156.671,167.575,167.101,166.840,167.665,166.981,166.939,167.346,167.671,167.902
1157.171,167.638,167.133,166.778,167.665,167.043,167.064,167.315,167.671,167.870
1157.702,167.638,167.008,166.872,167.696,167.106,167.002,167.283,167.640,167.870
1158.202,167.481,166.914,166.903,167.758,167.012,166.908,167.377,167.609,167.870
1158.702,167.606,166.945,166.934,167.821,167.043,166.877,167.377,167.609,167.902
1159.234,167.700,167.070,166.840,167.915,167.043,167.033,167.377,167.828,168.058
1159.734,167.700,167.101,166.903,167.883,167.075,167.064,167.346,167.859,168.089
1160.234,167.825,167.101,167.059,167.821,167.200,167.095,167.377,167.828,168.058
1160.765,167.731,167.101,167.122,167.821,167.200,167.033,167.346,167.796,167.964
1161.265,167.825,167.133,167.122,167.915,167.293,167.064,167.315,167.796,167.964
1161.765,167.825,167.133,167.028,168.133,167.356,167.095,167.377,167.921,167.995
1162.296,167.700,167.101,166.997,168.008,167.356,167.095,167.440,167.859,167.995
1162.796,167.606,167.101,167.059,167.852,167.137,167.252,167.440,167.671,167.995
1163.296,167.606,167.101,167.059,167.852,166.950,167.095,167.502,167.671,167.995
1163.827,167.669,167.133,167.059,167.883,166.981,166.970,167.502,167.671,167.902
1164.327,167.794,167.039,167.122,167.915,167.137,167.002,167.315,167.671,167.902
1164.827,167.575,166.976,167.090,167.696,167.106,166.970,167.158,167.765,167.964
1165.359,167.513,167.101,166.997,167.821,167.106,167.033,167.283,167.890,167.964
1165.859,167.575,167.101,166.809,167.915,167.106,167.002,167.315,167.890,167.870
1166.359,167.606,166.976,166.809,167.915,167.043,167.095,167.315,167.828,167.933
1166.890,167.513,167.070,166.903,167.915,167.043,167.095,167.408,167.828,167.933
1167.390,167.450,167.039,166.903,167.790,167.043,167.002,167.408,167.796,167.870
1167.890,167.606,167.039,166.872,167.790,167.043,166.939,167.377,167.734,167.870
1168.421,167.606,167.101,166.997,167.883,167.043,166.939,167.377,167.703,167.902
1168.921,167.606,167.101,166.965,167.790,167.043,166.939,167.408,167.765,167.933
1169.421,167.638,167.133,166.872,167.633,167.043,167.002,167.408,167.671,167.933
1169.952,167.638,167.070,166.809,167.758,167.137,167.033,167.346,167.734,167.933
1170.452,167.700,167.101,166.872,167.852,167.043,166.970,167.252,167.765,167.995
1170.952,167.606,167.070,166.903,167.790,167.043,166.908,167.252,167.765,167.995
1171.484,167.700,167.070,166.840,167.915,167.075,166.908,167.283,167.734,167.964
1171.984,167.700,166.914,166.840,167.946,167.043,167.033,167.283,167.703,167.902
1172.484,167.700,166.914,166.778,167.633,166.918,166.970,167.190,167.734,167.964
1173.015,167.700,167.039,166.840,167.633,167.075,166.970,167.127,167.703,167.933
1173.515,167.669,167.070,166.840,167.727,167.168,166.939,167.127,167.609,167.933
1174.046,167.450,167.164,166.840,167.758,167.075,167.158,167.158,167.796,168.089
1174.546,167.450,167.133,166.903,167.821,166.950,167.220,167.190,167.765,168.058
1175.046,167.544,166.976,166.840,167.727,166.950,167.158,167.190,167.609,167.933
1175.577,167.513,166.789,166.715,167.602,166.981,166.908,167.158,167.515,167.839
1176.077,167.481,166.633,166.622,167.508,166.981,166.814,167.158,167.546,167.714
1176.577,167.388,166.758,166.590,167.415,166.981,166.814,167.283,167.578,167.745
1177.109,167.388,166.914,166.747,167.477,166.981,167.002,167.283,167.578,167.745
1177.609,167.356,166.883,166.872,167.540,166.856,167.095,167.408,167.671,167.683
1178.109,167.200,166.758,166.872,167.540,166.700,166.970,167.283,167.515,167.589
1178.640,167.200,166.758,166.684,167.602,166.825,166.814,167.127,167.484,167.589
1179.140,167.200,166.695,166.684,167.602,166.918,166.752,167.002,167.484,167.714
1179.640,167.200,166.570,166.559,167.602,166.700,166.720,167.002,167.484,167.620
1180.171,167.075,166.570,166.528,167.477,166.606,166.720,167.096,167.484,167.527
1180.671,166.981,166.508,166.528,167.352,166.543,166.752,167.127,167.359,167.527
1181.171,166.794,166.445,166.434,167.321,166.543,166.627,166.971,167.265,167.527
1181.702,166.888,166.351,166.309,167.290,166.543,166.314,166.908,167.265,167.308
1182.202,167.013,166.476,166.309,167.227,166.543,166.314,166.846,167.203,167.214
1182.702,167.013,166.414,166.372,167.133,166.512,166.377,166.846,167.171,167.214
1183.234,166.888,166.508,166.309,167.133,166.606,166.564,166.877,167.171,167.214
1183.734,167.106,166.664,166.372,167.415,166.825,166.783,167.002,167.390,167.308
1184.234,167.263,166.758,166.622,167.602,166.856,166.845,167.096,167.609,167.652
1184.765,167.169,166.570,166.590,167.352,166.668,166.752,167.002,167.609,167.620
1185.265,166.888,166.383,166.278,167.102,166.418,166.502,166.752,167.203,167.308
1185.765,166.606,166.101,166.122,166.821,166.231,166.377,166.471,166.953,167.152
1186.296,166.356,165.789,165.997,166.852,166.200,166.377,166.440,166.765,167.152
1186.796,166.294,165.789,165.809,166.696,165.950,166.158,166.440,166.609,166.995
1187.296,166.294,165.726,165.590,166.540,165.825,165.845,166.283,166.546,166.839
1187.827,166.263,165.726,165.497,166.540,165.825,165.845,166.283,166.546,166.902
1188.327,166.075,165.726,165.622,166.540,165.856,165.845,166.283,166.515,166.870
1188.827,166.044,165.726,165.653,166.508,165.856,165.877,166.158,166.578,166.870
1189.359,166.013,165.726,165.465,166.477,165.856,165.814,166.158,166.609,166.902
1189.859,166.044,165.664,165.528,166.571,165.731,165.814,166.252,166.609,166.870
1190.359,166.013,165.664,165.590,166.477,165.731,165.845,166.252,166.640,166.870
1190.890,166.138,165.851,165.684,166.415,165.731,165.845,166.283,166.765,166.839
1191.390,166.231,165.758,165.778,166.540,165.793,165.877,166.283,166.765,166.839
1191.890,166.044,165.726,165.653,166.602,165.856,165.939,166.283,166.671,166.870
1192.421,166.106,165.695,165.497,166.602,165.825,165.877,166.283,166.578,166.777
1192.921,166.231,165.695,165.497,166.571,165.825,165.845,166.346,166.640,166.777
1193.452,166.231,165.726,165.559,166.633,165.918,165.814,166.408,166.671,166.995
1193.952,166.169,165.820,165.559,166.790,165.981,165.877,166.440,166.796,167.214
1194.452,166.169,165.820,165.747,166.790,166.075,166.002,166.533,166.953,167.214
1194.984,166.200,165.914,165.778,166.790,166.075,166.158,166.533,166.953,167.277
1195.484,166.138,165.914,165.747,166.790,166.137,166.127,166.596,166.890,167.214
1195.984,166.138,165.851,165.747,166.790,166.043,166.095,166.408,166.859,167.214
1196.515,166.106,165.664,165.653,166.665,165.887,166.095,166.252,166.859,167.120
1197.015,166.075,165.695,165.715,166.821,165.950,166.095,166.252,166.859,167.120
1197.515,166.075,165.789,165.809,166.915,166.106,166.158,166.377,166.859,167.058
1198.046,166.138,165.820,165.809,166.915,166.106,166.189,166.471,166.828,167.058
1198.546,166.169,165.851,165.809,166.727,166.012,166.158,166.377,166.828,167.058
1199.046,165.950,165.789,165.778,166.665,165.918,166.095,166.315,166.703,166.964
1199.577,165.794,165.664,165.497,166.571,166.012,165.908,166.283,166.609,166.902
1200.077,165.825,165.476,165.309,166.352,165.918,165.845,166.221,166.546,166.839
1200.577,165.888,165.351,165.309,166.227,165.606,165.783,166.221,166.328,166.777
1201.109,165.763,165.414,165.309,166.133,165.543,165.689,166.127,166.296,166.777
1201.609,165.794,165.351,165.372,166.258,165.575,165.595,165.971,166.484,166.777
1202.109,165.700,165.351,165.278,166.196,165.543,165.595,166.002,166.453,166.714
1202.640,165.544,165.351,165.215,166.165,165.543,165.595,166.033,166.421,166.652
1203.140,165.481,165.320,165.247,166.071,165.668,165.595,166.033,166.359,166.683
1203.640,165.481,165.320,165.247,166.071,165.543,165.502,165.908,166.265,166.683
1204.171,165.481,165.195,165.184,165.946,165.512,165.439,165.752,166.203,166.683
1204.671,165.294,164.914,164.965,165.821,165.418,165.408,165.721,166.203,166.683
1205.171,165.231,164.758,164.903,165.821,165.387,165.345,165.658,166.109,166.558
1205.702,165.169,164.758,164.840,165.790,165.168,165.314,165.533,165.984,166.339
1206.202,164.825,164.508,164.747,165.383,164.856,165.095,165.440,165.890,166.183
1206.702,164.544,164.039,164.434,165.102,164.450,164.720,165.190,165.578,165.964
1207.234,163.856,163.539,163.653,164.571,163.793,164.095,164.565,165.046,165.402
1207.734,163.106,162.758,162.809,163.633,163.075,163.408,163.752,164.359,164.777
1208.234,162.450,161.851,162.090,162.790,162.356,162.470,163.096,163.546,163.995
1208.765,161.950,161.258,161.465,162.196,161.825,161.845,162.533,162.734,163.370
1209.265,161.544,161.101,161.059,161.883,161.606,161.533,162.190,162.359,163.058
1209.765,161.481,161.070,160.934,161.852,161.543,161.314,162.127,162.390,162.964
1210.296,161.544,160.851,160.934,162.008,161.481,161.377,162.190,162.578,162.995
1210.796,161.231,160.601,160.840,161.790,161.043,161.252,162.033,162.546,162.902
1211.296,161.013,160.414,160.747,161.508,160.793,161.095,161.815,162.296,162.527
1211.827,161.263,160.570,160.747,161.571,161.106,161.095,161.971,162.359,162.620
1212.327,161.356,160.851,161.028,162.071,161.512,161.283,162.315,162.640,163.058
1212.827,161.356,160.914,161.122,162.071,161.450,161.689,162.315,162.703,163.214
1213.359,161.044,160.695,160.778,161.696,161.106,161.470,162.158,162.484,162.995
1213.859,160.513,160.101,160.184,161.165,160.637,160.752,161.596,161.921,162.495
1214.390,160.044,159.570,159.528,160.571,160.168,160.189,160.971,161.390,161.902
1214.890,159.981,159.664,159.622,160.633,160.293,160.345,161.096,161.390,161.902
1215.390,160.388,160.164,160.247,161.290,160.731,161.033,161.783,162.234,162.558
1215.921,160.700,160.414,160.747,161.758,161.075,161.439,162.127,162.828,163.152
1216.421,160.731,160.383,160.747,161.696,161.075,161.408,162.127,162.828,163.027
1216.921,160.763,160.445,160.653,161.477,161.075,161.377,162.096,162.703,162.933
1217.452,160.700,160.445,160.497,161.352,160.950,161.252,162.033,162.515,162.745
1217.952,160.356,160.226,160.059,160.946,160.575,160.908,161.596,162.140,162.370
1218.452,160.106,159.851,159.903,160.633,160.325,160.752,161.315,161.953,162.214
1218.984,160.263,160.008,160.215,160.946,160.512,160.845,161.596,162.109,162.402
1219.484,160.919,160.601,160.840,161.571,161.137,161.314,162.002,162.484,162.933
1219.984,161.450,161.133,161.215,162.040,161.543,161.752,162.533,162.921,163.214
1220.515,161.700,161.226,161.215,162.040,161.606,161.752,162.627,162.890,163.120
1221.015,161.388,161.101,160.840,161.758,161.231,161.408,162.221,162.515,162.777
1221.515,160.669,160.414,160.309,161.227,160.543,160.970,161.596,161.859,162.339
1222.046,160.544,160.195,160.247,161.040,160.481,160.689,161.471,161.828,162.152
1222.546,161.169,160.851,160.840,161.821,161.231,161.252,162.065,162.265,162.558
1223.046,161.981,161.726,161.747,162.977,162.106,162.252,162.908,163.296,163.308
1223.577,163.169,162.570,162.872,163.758,163.137,163.220,163.783,164.234,164.339
1224.077,164.231,163.726,163.840,164.758,164.200,164.252,164.752,165.234,165.527
1224.577,164.669,164.289,164.465,165.352,165.043,164.939,165.346,165.953,166.152
1225.109,164.356,164.101,164.278,164.977,164.793,164.658,165.190,165.640,165.902
1225.609,163.575,163.289,163.434,164.008,163.825,163.720,164.377,164.640,165.058
1226.109,162.731,162.414,162.465,163.102,162.856,162.627,163.440,163.671,163.995
1226.640,162.013,161.633,161.778,162.446,162.106,162.033,162.721,163.078,163.370
1227.140,161.325,160.914,161.184,161.977,161.543,161.595,162.221,162.578,162.933
1227.640,160.606,160.320,160.528,161.227,160.918,161.095,161.752,161.953,162.308
1228.171,160.044,159.695,159.872,160.508,160.231,160.377,161.033,161.296,161.652
1228.671,159.419,159.133,159.403,160.040,159.762,159.845,160.471,160.828,161.152
1229.171,159.294,159.008,159.153,160.040,159.606,159.752,160.471,160.640,160.964
1229.702,159.669,159.351,159.278,160.446,159.700,159.814,160.596,160.640,160.995
1230.202,159.669,159.351,159.309,160.383,159.637,159.720,160.533,160.640,160.933
1230.702,159.169,158.601,158.747,159.790,159.168,159.283,160.096,160.296,160.589
1231.234,158.888,158.289,158.497,159.540,158.856,158.970,159.596,159.953,160.433
1231.734,159.606,159.039,159.184,160.165,159.512,159.502,160.190,160.515,160.995
1232.234,160.981,160.476,160.653,161.633,161.012,161.033,161.658,161.984,162.214
1232.765,162.044,161.789,161.747,162.727,162.200,162.158,162.721,162.984,163.183
1233.265,162.294,161.976,161.997,162.977,162.200,162.189,162.908,162.984,163.245
1233.765,161.919,161.476,161.684,162.508,161.981,161.814,162.502,162.515,162.902
1234.296,161.388,160.945,161.278,161.946,161.575,161.377,162.127,162.359,162.683
1234.796,160.825,160.508,160.622,161.415,161.106,161.220,162.002,162.203,162.527
1235.327,160.263,160.039,159.934,160.852,160.575,160.877,161.533,161.953,162.152
1235.827,159.669,159.383,159.497,160.290,159.981,160.252,160.908,161.515,161.527
1236.327,159.388,158.976,159.215,160.008,159.700,159.752,160.315,160.828,161.027
1236.859,159.231,158.820,158.997,159.883,159.387,159.345,160.002,160.484,160.683
1237.359,159.013,158.508,158.653,159.602,159.106,159.002,159.783,160.140,160.402
1237.859,158.888,158.414,158.434,159.383,158.981,158.845,159.658,159.984,160.027
1238.390,158.919,158.664,158.622,159.540,159.075,158.970,159.783,159.984,160.152
1238.890,159.325,158.976,159.028,159.852,159.356,159.408,160.033,160.328,160.433
1239.390,159.825,159.414,159.403,160.165,159.887,159.908,160.533,160.796,160.839
1239.921,160.606,160.195,160.247,161.165,160.668,160.627,161.283,161.609,161.745
1240.421,162.013,161.476,161.590,162.602,161.918,161.814,162.565,162.765,162.964
1240.921,163.263,162.664,162.715,163.758,163.012,163.033,163.690,163.828,164.027
1241.452,163.825,163.289,163.215,164.352,163.700,163.689,164.158,164.390,164.495
1241.952,163.950,163.351,163.247,164.352,163.793,163.752,164.065,164.390,164.558
1242.452,163.856,163.226,163.309,164.133,163.543,163.533,163.783,164.234,164.370
1242.984,163.481,162.945,162.997,163.852,163.137,163.158,163.533,163.953,164.027
1243.484,162.731,162.320,162.278,163.227,162.637,162.502,163.002,163.328,163.527
1243.984,161.669,161.320,161.247,162.102,161.731,161.533,162.158,162.484,162.808
1244.515,160.106,159.945,159.747,160.665,160.356,160.283,160.877,161.109,161.589
1245.015,158.888,158.601,158.465,159.415,159.075,159.127,159.721,159.921,160.370
1245.515,158.513,158.101,158.153,158.946,158.481,158.564,159.252,159.546,159.777
1246.046,158.888,158.258,158.528,159.227,158.762,158.752,159.315,159.703,159.995
1246.546,159.575,159.008,159.153,159.977,159.418,159.439,159.815,160.390,160.589
1247.046,160.263,159.758,159.778,160.727,160.168,160.095,160.533,161.109,161.152
1247.577,160.513,159.945,160.059,160.946,160.481,160.345,160.815,161.265,161.245
1248.077,160.200,159.601,159.590,160.508,160.043,160.002,160.315,160.734,160.870
1248.577,159.513,159.039,158.997,159.790,159.231,159.252,159.627,160.015,160.152
1249.109,159.106,158.539,158.747,159.446,158.856,158.845,159.377,159.484,159.777
1249.609,159.263,158.695,158.715,159.540,158.950,158.845,159.440,159.640,159.870
1250.109,159.450,158.976,158.684,159.665,159.043,159.033,159.596,159.859,160.027
1250.640,159.419,158.976,158.872,159.665,159.075,159.127,159.690,159.859,160.027
1251.140,159.825,159.195,159.340,160.008,159.450,159.377,159.971,160.140,160.339
1251.640,160.856,160.070,160.497,161.071,160.418,160.408,160.971,161.140,161.433
1252.171,162.231,161.601,161.903,162.477,161.918,161.783,162.346,162.640,162.808
1252.671,163.544,163.070,163.278,163.852,163.325,163.064,163.783,164.015,164.089
1253.171,164.731,164.289,164.465,165.040,164.543,164.345,164.971,165.234,165.527
1253.702,165.575,165.226,165.309,166.133,165.575,165.595,166.065,166.421,166.839
1254.202,165.825,165.664,165.653,166.571,166.075,166.220,166.690,167.265,167.495
1254.734,165.638,165.351,165.215,166.071,165.700,165.752,166.315,167.078,167.058
1255.234,165.013,164.383,164.278,165.165,164.668,164.595,165.221,165.796,165.745
1255.734,164.075,163.445,163.403,164.321,163.543,163.658,164.221,164.453,164.558
1256.265,163.075,162.789,162.622,163.633,162.887,162.939,163.408,163.640,163.839
1256.765,162.419,162.258,162.122,163.071,162.356,162.377,162.846,163.046,163.308
1257.265,162.263,161.976,161.809,162.727,162.200,162.002,162.533,162.640,162.933
1257.796,162.075,161.445,161.403,162.415,161.762,161.533,162.127,162.328,162.402
1258.296,161.294,160.695,160.903,161.883,160.981,160.908,161.502,161.640,161.839
1258.796,160.794,160.101,160.278,161.258,160.575,160.470,160.940,161.078,161.339
1259.327,160.638,159.883,160.028,160.977,160.543,160.220,160.877,160.953,161.214
1259.827,160.700,159.883,159.997,160.852,160.418,160.033,160.783,160.953,161.183
1260.327,160.325,159.601,159.872,160.508,160.012,159.877,160.346,160.671,160.808
1260.859,159.606,159.195,159.247,160.071,159.387,159.345,159.565,159.984,160.214
1261.359,159.013,158.758,158.559,159.477,158.668,158.502,158.690,159.203,159.433
1261.859,158.700,158.320,158.215,159.008,158.293,158.064,158.252,158.578,158.902
1262.390,158.825,158.320,158.340,159.165,158.637,158.345,158.502,158.734,158.933
1262.890,159.231,158.726,158.809,159.571,159.137,158.845,159.033,159.328,159.433
1263.390,159.513,159.164,159.028,159.852,159.262,159.189,159.346,159.578,159.839
1263.921,159.544,159.195,159.028,159.790,159.262,159.220,159.408,159.609,159.870
1264.421,159.138,158.695,158.809,159.133,158.825,158.908,159.002,159.359,159.495
1264.921,158.669,158.164,158.372,158.696,158.325,158.408,158.502,158.859,158.964
1265.452,158.638,158.101,158.153,158.602,158.262,158.189,158.315,158.640,158.839
1265.952,158.763,158.320,158.153,158.852,158.387,158.314,158.377,158.609,158.777
1266.452,158.888,158.508,158.247,158.977,158.512,158.345,158.502,158.703,158.839
1266.984,159.106,158.726,158.559,159.258,158.793,158.470,158.752,159.078,159.183
1267.484,159.669,159.351,159.090,159.821,159.387,158.970,159.408,159.578,159.808
1267.984,160.325,159.851,159.778,160.508,160.043,159.752,160.065,160.078,160.495
1268.515,160.825,160.351,160.215,161.102,160.512,160.408,160.596,160.828,161.089
1269.015,161.263,160.726,160.684,161.540,160.856,160.939,161.252,161.546,161.620
1269.515,161.544,161.008,160.903,161.758,161.043,161.189,161.533,161.890,161.839
1270.046,161.544,161.226,160.965,161.821,161.231,161.252,161.440,161.890,161.902
1270.546,161.481,161.195,160.997,161.758,161.231,161.189,161.346,161.703,161.902
1271.046,161.513,161.195,160.997,161.758,161.137,161.158,161.346,161.609,161.902
1271.577,161.825,161.351,161.247,162.008,161.356,161.502,161.596,161.953,162.214
1272.077,162.450,161.976,161.934,162.571,161.981,162.127,162.346,162.609,162.777
1272.577,163.263,162.601,162.559,163.383,162.668,162.720,163.158,163.390,163.464
1273.109,163.825,163.226,163.122,164.040,163.356,163.252,163.752,164.140,164.183
1273.609,164.013,163.601,163.497,164.415,163.793,163.783,164.096,164.484,164.620
1274.109,164.044,163.758,163.528,164.477,163.825,164.002,164.252,164.546,164.714
1274.640,164.044,163.664,163.528,164.508,163.825,163.970,164.221,164.421,164.652
1275.140,163.981,163.351,163.434,164.321,163.762,163.814,164.158,164.328,164.620
1275.671,163.669,163.133,163.247,164.102,163.575,163.564,163.908,164.140,164.370
1276.171,163.388,163.070,163.028,163.883,163.356,163.220,163.721,163.828,164.214
1276.671,163.263,162.820,162.872,163.821,163.012,163.002,163.502,163.609,163.870
1277.202,163.106,162.601,162.684,163.571,162.825,162.845,163.158,163.484,163.558
1277.702,163.013,162.476,162.465,163.446,162.856,162.689,162.971,163.359,163.464
1278.202,163.013,162.508,162.434,163.321,162.793,162.502,162.908,163.390,163.433
1278.734,162.794,162.445,162.309,163.040,162.606,162.345,162.846,163.328,163.339
1279.234,162.700,162.195,162.122,163.040,162.418,162.314,162.721,163.078,163.152
1279.734,162.638,162.195,162.028,163.040,162.325,162.189,162.690,162.921,162.902
1280.265,162.731,162.226,162.122,163.133,162.387,162.283,162.877,162.953,162.964
1280.765,163.388,162.601,162.653,163.758,162.950,162.908,163.471,163.640,163.714
1281.265,164.138,163.570,163.372,164.477,163.856,163.877,164.377,164.609,164.620
1281.796,164.888,164.320,164.184,165.102,164.700,164.720,165.033,165.296,165.433
1282.296,165.263,164.726,164.715,165.633,165.012,165.002,165.346,165.671,165.870
1282.796,164.825,164.476,164.372,165.352,164.575,164.689,165.158,165.390,165.558
1283.327,164.200,163.789,163.622,164.633,163.918,164.033,164.502,164.765,164.808
1283.827,163.763,163.320,163.122,164.040,163.481,163.470,164.033,164.359,164.308
1284.327,163.450,162.976,162.840,163.633,163.106,163.220,163.721,163.984,163.995
1284.859,163.138,162.633,162.497,163.383,162.731,162.970,163.315,163.453,163.558
1285.359,162.575,162.133,161.965,163.008,162.231,162.439,162.533,162.703,162.839
1285.859,161.263,160.914,160.747,161.696,161.012,161.095,161.252,161.390,161.527
1286.390,158.919,158.539,158.559,159.227,158.731,158.752,159.065,159.171,159.120
1286.890,157.231,156.820,156.778,157.571,157.075,157.002,157.283,157.546,157.433
1287.390,157.950,157.664,157.528,158.446,157.856,157.845,158.002,158.265,158.495
1287.921,159.669,159.258,159.153,160.258,159.387,159.470,159.815,160.015,160.402
1288.421,160.075,159.508,159.434,160.508,159.606,159.595,160.190,160.359,160.589
1288.921,160.106,159.508,159.434,160.227,159.543,159.345,159.846,160.078,160.183
1289.452,160.825,160.226,160.153,160.821,160.168,160.095,160.252,160.546,160.652
1289.952,161.825,161.258,161.122,161.883,161.168,161.158,161.190,161.328,161.683
1290.452,161.981,161.258,161.247,162.008,161.262,161.252,161.315,161.515,161.777
1290.984,160.919,160.164,160.247,160.915,160.075,160.064,160.221,160.421,160.620
1291.484,159.981,159.226,159.278,159.852,159.168,159.033,159.283,159.296,159.464
1291.984,160.638,159.914,159.747,160.415,159.825,159.470,159.752,159.796,159.839
1292.515,162.138,161.414,161.247,161.977,161.356,161.002,161.221,161.390,161.339
1293.015,162.419,161.820,161.528,162.383,161.825,161.470,161.658,162.046,161.870
1293.515,161.731,160.976,160.903,161.508,161.137,160.845,161.033,161.390,161.183
1294.046,161.450,160.664,160.622,161.352,160.793,160.627,160.596,160.890,160.620
1294.546,160.950,160.383,160.059,160.977,160.231,160.127,159.908,160.171,159.808
1295.046,158.856,158.226,157.840,158.977,158.168,158.033,157.783,157.984,157.589
1295.577,156.106,155.414,155.059,156.040,155.450,155.252,155.127,155.234,155.027
1296.077,154.544,154.070,153.840,154.540,154.012,153.970,154.002,154.015,154.027
1296.609,154.481,153.789,153.872,154.383,153.918,153.939,153.971,154.171,154.183
1297.109,155.263,154.445,154.497,155.102,154.450,154.408,154.408,154.796,154.777
1297.609,157.294,156.476,156.403,157.008,156.262,156.158,156.190,156.546,156.464
1298.140,159.388,158.695,158.528,159.165,158.356,158.189,158.190,158.390,158.183
1298.640,160.200,159.508,159.403,160.071,159.325,158.939,159.033,158.890,158.714
1299.140,160.044,159.508,159.309,159.821,159.231,158.783,158.908,158.765,158.495
