Date/Time :,2018/12/06 @ 03:08:06 PM,2018/12/07 @ 03:15:05 PM,2018/12/08 @ 02:54:44 PM,2018/12/09 @ 03:01:52 PM,2018/12/10 @ 03:08:19 PM,2018/12/11 @ 03:15:13 PM,2018/12/12 @ 02:53:47 PM
Survey Type :,FINAL_DTS,FINAL_DTS,FINAL_DTS,FINAL_DTS,FINAL_DTS,FINAL_DTS,FINAL_DTS
X Units :,Meters,Meters,Meters,Meters,Meters,Meters,Meters
Y Units :,Celsius,Celsius,Celsius,Celsius,Celsius,Celsius,Celsius
Calibrated Depth Interval :,0.00,0.00,0.00,0.00,0.00,0.00,0.00
Distance Average :,0.00,0.00,0.00,0.00,0.00,0.00,0.00
Time Average :,23:59:59,23:59:59,23:59:59,23:59:59,23:59:59,23:59:59,23:59:59
Asset :,1BP2,1BP2,1BP2,1BP2,1BP2,1BP2,1BP2
Probe Name :,1BP2,1BP2,1BP2,1BP2,1BP2,1BP2,1BP2
Distance (m),Temp(C),Temp (C),Temp (C),Temp (C),Temp (C),Temp (C),Temp (C)

1008.587,165.829,166.847,167.984,172.261,197.994,248.248,
1009.087,166.610,167.910,168.734,172.605,197.744,248.561,
1009.587,167.641,168.754,169.452,173.074,198.494,246.998,
1010.119,168.235,168.972,169.577,172.886,197.275,245.061,
1010.619,168.329,168.754,168.921,172.386,197.244,245.655,
1011.119,168.266,169.191,169.140,172.636,197.181,245.998,
1011.650,169.266,170.066,169.984,173.293,195.463,245.967,
1012.150,169.766,170.472,170.421,173.824,196.963,246.123,
1012.650,169.610,170.222,170.109,173.543,196.431,246.561,
1013.181,168.985,169.754,169.796,173.074,196.369,247.217,
1013.681,168.829,169.379,169.452,172.949,195.806,246.561,
1014.181,168.329,168.972,169.202,172.855,195.369,246.405,
1014.712,166.923,168.379,169.046,172.918,196.994,248.186,
1015.212,166.048,167.066,168.421,172.855,198.338,248.342,
1015.712,165.516,166.785,168.046,172.480,197.619,247.780,
1016.244,165.110,166.629,168.077,172.480,197.181,248.248,
1016.744,165.360,166.660,167.921,172.636,196.744,247.873,
1017.244,165.360,166.504,168.296,173.136,197.025,248.655,
1017.775,165.548,167.191,168.859,173.074,198.463,247.186,
1018.275,166.235,167.847,169.046,173.386,198.400,247.842,
1018.775,167.016,168.566,169.296,173.980,196.806,248.998,
1019.306,167.485,168.816,169.734,173.949,197.650,247.092,
1019.806,168.016,169.097,170.202,173.949,198.088,247.186,
1020.306,167.454,168.597,169.640,174.074,198.088,246.498,
1020.837,166.266,167.441,169.140,173.668,198.931,246.623,
1021.337,165.673,166.879,168.702,173.324,199.400,246.967,
1021.837,165.298,166.566,168.546,172.980,198.713,248.123,
1022.369,165.235,166.504,168.265,172.824,198.150,247.905,
1022.869,165.141,166.379,167.796,172.824,197.275,248.373,
1023.369,165.141,166.441,168.077,172.793,196.806,247.217,
1023.900,165.141,166.504,168.234,172.855,197.713,248.280,
1024.400,165.173,166.347,168.234,172.918,195.431,247.717,
1024.900,165.548,166.785,168.702,172.918,198.931,248.280,
1025.431,167.016,168.472,169.109,173.574,200.713,249.248,
1025.931,169.266,170.347,170.234,173.886,198.525,249.780,
1026.431,169.735,170.472,170.327,174.230,198.806,247.530,
1026.962,169.891,170.316,170.296,174.105,198.306,248.280,
1027.462,169.360,169.972,170.171,173.668,199.088,248.405,
1027.962,169.485,170.066,170.046,173.918,198.744,246.780,
1028.494,169.704,170.191,170.296,173.855,197.713,248.030,
1028.994,170.204,170.566,170.734,173.824,198.588,248.717,
1029.525,170.204,171.129,170.577,173.574,198.338,248.530,
1030.025,170.454,171.035,170.484,173.636,198.338,248.998,
1030.525,169.798,170.254,170.296,173.574,197.588,249.155,
1031.056,168.048,168.879,169.734,173.386,197.775,248.780,
1031.556,166.360,167.285,168.859,173.168,198.588,248.155,
1032.056,165.454,166.754,168.171,172.761,198.588,247.686,
1032.587,165.141,166.347,168.109,172.980,197.650,247.811,
1033.087,164.985,166.160,168.265,172.730,196.713,247.686,
1033.587,164.891,166.285,168.046,172.418,196.588,248.311,
1034.119,164.891,166.254,168.046,172.699,196.525,247.811,
1034.619,165.110,166.410,168.202,172.699,197.744,248.155,
1035.119,165.329,166.535,168.202,173.074,197.338,248.373,
1035.650,165.891,167.097,168.765,173.293,198.275,248.717,
1036.150,165.985,167.097,168.796,173.449,199.275,248.217,
1036.650,165.735,166.816,168.577,173.261,198.306,248.123,
1037.181,165.141,166.222,168.452,173.199,196.369,247.311,
1037.681,164.735,166.191,168.140,172.855,197.119,247.655,
1038.181,164.798,166.254,168.077,172.855,197.463,247.592,
1038.712,165.516,166.972,168.515,172.824,198.525,246.873,
1039.212,167.266,168.316,169.609,173.886,196.681,249.405,
1039.712,169.204,169.972,170.140,174.418,197.931,249.405,
1040.244,169.673,170.504,170.515,174.449,197.525,250.092,
1040.744,167.798,168.629,169.577,173.636,199.744,249.498,
1041.244,165.360,166.535,168.577,173.136,197.213,248.248,
1041.775,164.423,165.879,167.765,172.855,197.369,247.561,
1042.275,165.110,166.379,168.109,172.855,197.306,247.592,
1042.775,166.735,168.191,168.952,173.543,197.525,247.373,
1043.306,168.923,169.972,170.265,174.136,197.588,248.092,
1043.806,170.016,170.285,170.546,174.136,198.306,248.998,
1044.306,169.235,169.754,169.640,173.355,198.306,249.030,
1044.837,168.079,169.004,169.296,173.355,197.119,248.905,
1045.337,168.329,168.972,169.609,173.386,196.744,247.998,
1045.837,169.360,170.535,170.265,173.980,197.900,248.530,
1046.369,170.985,171.754,171.046,174.230,199.056,248.842,
1046.869,171.048,171.566,170.952,174.449,197.775,248.717,
1047.369,170.235,170.597,170.609,174.324,197.463,247.780,
1047.900,168.141,168.754,169.671,173.668,197.900,249.280,
1048.400,165.735,166.691,169.015,173.199,198.494,249.061,
1048.900,165.141,166.316,168.796,173.074,198.119,248.780,
1049.431,165.141,166.535,168.546,173.105,197.681,247.811,
1049.931,165.110,166.472,168.546,173.136,197.650,249.686,
1050.462,165.016,166.535,168.452,173.136,197.056,248.061,
1050.962,165.016,166.472,168.734,173.136,198.056,250.436,
1051.462,165.423,166.754,168.640,173.574,197.931,249.811,
1051.994,165.516,167.035,168.890,173.574,198.088,249.030,
1052.494,165.516,167.222,169.077,173.761,198.900,250.217,
1052.994,165.610,167.222,168.796,173.730,198.494,249.030,
1053.525,165.298,166.535,168.515,173.480,197.525,249.436,
1054.025,164.391,165.847,168.202,172.730,197.463,249.186,
1054.525,164.579,165.816,167.984,172.949,199.400,249.155,
1055.056,165.391,166.472,168.296,173.105,197.869,248.061,
1055.556,167.298,168.566,169.390,173.886,197.931,248.842,
1056.056,169.641,170.629,170.827,174.543,199.275,249.280,
1056.587,171.016,171.629,171.359,174.824,197.775,248.592,
1057.087,170.829,171.316,170.890,174.449,197.806,248.592,
1057.587,168.641,169.254,169.796,173.855,197.650,248.780,
1058.119,166.391,167.410,168.702,173.043,197.838,248.186,
1058.619,164.891,166.097,167.921,173.043,198.306,245.967,
1059.119,164.610,165.691,167.640,172.386,196.806,246.717,
1059.650,164.360,165.410,167.609,172.386,197.150,247.342,
1060.150,164.579,165.816,167.859,172.386,196.775,247.123,
1060.650,164.735,166.660,168.671,173.293,197.838,246.186,
1061.181,166.141,167.879,169.671,173.824,198.244,247.436,
1061.681,168.454,170.097,170.890,174.480,198.369,249.092,
1062.181,170.954,171.722,171.921,174.793,197.150,249.311,
1062.712,172.141,172.379,171.890,174.793,198.088,248.530,
1063.212,171.485,172.254,171.577,174.699,199.619,248.217,
1063.712,170.360,170.847,170.609,173.668,197.306,248.842,
1064.244,168.516,169.379,169.702,173.418,196.619,248.467,
1064.744,167.016,168.129,168.890,172.793,195.650,247.873,
1065.244,165.673,166.754,168.234,172.918,196.181,246.811,
1065.775,164.829,166.316,168.109,172.949,198.431,247.498,
1066.275,164.548,166.097,167.827,172.699,197.494,248.436,
1066.775,164.423,165.722,167.890,172.699,194.869,248.123,
1067.306,164.016,165.785,167.609,172.511,196.213,247.561,
1067.806,164.204,165.847,167.859,172.574,197.025,247.530,
1068.306,165.610,167.004,168.515,173.199,197.181,248.061,
1068.837,168.048,168.972,169.796,173.793,198.713,249.155,
1069.337,170.454,171.097,171.046,174.511,198.525,248.311,
1069.837,172.048,172.504,171.734,174.855,199.963,249.092,
1070.369,171.954,172.347,172.077,174.949,199.650,248.530,
1070.869,170.298,170.691,171.077,174.668,199.525,248.998,
1071.400,167.485,168.347,169.484,174.105,198.088,248.155,
1071.900,165.548,166.691,168.484,173.761,198.556,248.248,
1072.400,164.423,165.722,167.952,172.886,197.213,247.342,
1072.931,164.110,165.379,167.234,172.324,196.650,246.186,
1073.431,164.329,165.379,167.234,172.324,196.650,245.498,
1073.931,165.016,166.097,168.265,172.855,196.994,247.092,
1074.462,166.454,167.910,169.577,174.230,197.900,247.811,
1074.962,169.141,170.222,171.015,175.230,199.713,249.405,
1075.462,171.954,172.535,171.952,175.449,198.775,249.342,
1075.994,173.235,173.566,172.452,175.605,198.994,250.061,
1076.494,173.266,173.879,172.515,175.480,199.338,248.373,
1076.994,172.798,173.379,172.296,175.293,199.681,248.748,
1077.525,170.891,171.410,171.421,174.761,198.775,247.592,
1078.025,167.891,168.722,169.796,174.011,199.056,248.623,
1078.525,165.548,166.816,168.734,173.418,198.400,248.342,
1079.056,164.610,165.660,167.796,172.636,197.338,247.280,
1079.556,163.423,164.597,166.984,171.730,195.369,245.311,
1080.056,162.860,164.097,166.452,170.761,195.181,244.092,
1080.587,162.923,164.129,166.140,170.574,194.494,244.967,
1081.087,163.860,165.191,166.952,171.574,195.931,245.373,
1081.587,165.579,166.910,168.109,172.761,196.119,246.217,
1082.119,168.079,169.004,169.734,173.761,197.338,246.967,
1082.619,170.673,171.629,171.671,174.605,197.150,248.842,
1083.119,172.548,173.222,172.421,175.480,200.400,250.248,
1083.650,172.391,173.035,172.452,175.824,199.213,250.686,
1084.150,170.298,171.035,171.515,175.136,199.213,249.686,
1084.650,168.579,169.472,170.265,175.105,199.306,248.311,
1085.181,168.610,169.660,170.484,175.168,199.025,249.186,
1085.681,170.516,171.347,171.359,175.293,199.588,250.436,
1086.181,172.954,173.347,172.577,175.980,200.619,250.905,
1086.712,174.173,174.629,173.359,176.230,200.838,250.248,
1087.212,173.985,173.910,173.046,175.918,197.994,248.748,
1087.712,171.298,171.722,171.796,175.293,199.213,248.717,
1088.244,167.329,168.160,169.796,174.574,198.838,248.373,
1088.744,165.141,166.347,168.327,173.793,197.494,248.092,
1089.244,164.360,165.504,167.327,172.605,197.431,247.123,
1089.775,163.766,165.004,167.077,172.105,197.431,246.311,
1090.275,164.298,165.285,167.109,172.105,196.463,246.467,
1090.806,164.298,165.535,167.671,172.543,199.775,246.280,
1091.306,164.579,166.160,168.171,173.199,196.994,247.217,
1091.806,165.641,166.910,169.109,173.793,198.838,249.030,
1092.337,166.891,167.754,169.484,174.386,198.369,249.467,
1092.837,167.048,167.972,169.484,174.543,198.931,249.280,
1093.337,166.891,167.879,169.327,174.543,198.650,249.123,
1093.869,166.173,167.191,169.234,174.418,198.369,248.405,
1094.369,165.266,166.316,168.827,173.886,199.494,249.311,
1094.869,164.579,165.941,168.452,173.949,195.369,247.936,
1095.400,164.829,166.160,168.640,173.949,198.681,248.873,
1095.900,166.454,167.722,169.390,174.668,198.494,250.092,
1096.400,169.610,170.566,171.077,175.480,198.806,249.373,
1096.931,172.173,173.004,172.234,175.668,200.056,249.186,
1097.431,170.954,171.597,171.390,174.886,198.463,247.905,
1097.931,167.048,168.035,169.421,173.980,197.494,249.030,
1098.462,164.454,165.754,168.296,173.511,198.400,248.623,
1098.962,164.173,165.472,167.765,173.418,198.244,247.405,
1099.462,164.704,166.097,168.046,173.574,198.338,247.561,
1099.994,165.360,166.660,168.921,173.918,198.806,249.030,
1100.494,165.610,166.910,169.046,174.543,198.869,248.467,
1100.994,165.610,166.816,168.952,174.418,199.150,248.467,
1101.525,165.141,166.535,168.702,173.949,199.650,249.123,
1102.025,164.298,165.472,167.952,173.480,199.463,248.436,
1102.525,163.298,164.722,167.296,172.855,196.431,247.186,
1103.056,162.923,164.254,166.734,172.855,195.275,246.123,
1103.556,162.829,163.847,166.390,171.980,199.869,245.998,
1104.056,163.079,164.379,166.265,172.199,197.088,245.998,
1104.587,164.141,165.410,167.421,172.980,196.119,246.186,
1105.087,166.141,167.566,169.265,174.730,197.556,247.905,
1105.587,170.079,171.129,171.984,176.386,200.181,250.092,
1106.119,173.954,175.066,174.452,177.793,201.588,251.248,
1106.619,175.329,175.879,175.015,177.605,201.556,249.811,
1107.119,175.110,175.816,174.765,177.574,200.931,250.155,
1107.650,175.266,175.879,174.702,177.449,201.994,250.280,
1108.150,176.016,176.285,174.890,177.574,201.963,250.967,
1108.650,176.423,176.785,175.671,177.230,203.588,251.342,
1109.181,176.516,176.847,175.327,177.168,202.306,249.967,
1109.681,174.891,174.816,173.827,176.949,202.213,249.655,
1110.181,170.891,170.722,171.077,175.605,201.963,249.967,
1110.712,166.735,167.472,168.671,174.261,200.588,249.655,
1111.212,164.610,165.504,167.359,172.761,196.713,246.967,
1111.744,163.798,165.160,166.921,171.918,197.431,246.530,
1112.244,164.016,165.129,167.171,172.199,195.681,245.842,
1112.744,164.048,165.535,167.515,173.136,197.713,246.780,
1113.275,165.016,166.035,168.296,173.511,199.525,247.936,
1113.775,167.048,167.879,169.140,174.136,199.963,248.717,
1114.275,169.860,170.316,170.577,174.886,200.619,250.592,
1114.806,170.891,171.035,171.171,175.386,202.150,250.717,
1115.306,170.141,169.754,170.546,175.543,199.525,251.155,
1115.806,167.798,168.566,169.609,175.324,199.213,249.248,
1116.337,166.141,166.941,168.890,174.761,199.994,249.717,
1116.837,165.079,165.722,168.234,174.324,199.994,248.311,
1117.337,164.735,165.379,167.734,173.543,198.650,247.905,
1117.869,164.454,165.535,167.390,173.105,198.619,248.498,
1118.369,164.454,165.566,167.671,173.136,199.244,247.280,
1118.869,164.954,166.222,168.484,174.230,198.494,246.780,
1119.400,166.548,167.941,169.577,175.418,199.244,248.655,
1119.900,169.360,170.722,171.546,176.699,201.275,249.030,
1120.400,173.735,174.441,173.827,177.918,201.775,249.873,
1120.931,177.204,177.285,176.077,178.918,203.150,250.092,
1121.431,178.204,178.504,176.765,179.043,201.994,250.592,
1121.931,177.391,177.879,176.265,178.918,202.150,252.186,
1122.462,175.266,175.285,174.202,178.136,200.838,250.530,
1122.962,171.173,171.129,171.546,176.980,202.431,250.373,
1123.462,167.766,168.035,169.421,175.011,200.931,249.842,
1123.994,165.516,166.222,167.984,173.699,197.775,248.780,
1124.494,164.141,165.066,167.109,172.636,195.556,245.092,
1124.994,163.298,164.410,166.859,172.386,195.931,245.436,
1125.525,163.016,163.816,166.952,172.261,196.775,245.248,
1126.025,162.829,164.097,167.171,172.886,197.494,245.717,
1126.525,163.048,164.472,167.171,172.918,197.494,244.717,
1127.056,163.923,165.379,167.765,173.261,197.806,245.998,
1127.556,165.173,166.254,168.859,174.324,198.119,247.748,
1128.056,166.423,167.379,169.421,175.230,200.088,248.936,
1128.587,166.266,167.066,169.359,175.449,199.994,248.873,
1129.087,164.923,165.941,169.015,174.824,200.431,250.748,
1129.587,164.204,165.410,168.202,174.355,199.494,249.311,
1130.119,163.798,165.066,167.796,173.355,199.244,246.342,
1130.619,163.985,165.066,167.671,173.480,198.775,246.842,
1131.119,164.454,165.504,168.390,174.043,199.150,247.436,
1131.650,166.579,167.472,169.671,175.636,198.775,248.186,
1132.150,170.391,171.004,172.265,177.355,200.463,250.467,
1132.681,174.454,174.972,174.515,178.011,201.869,251.592,
1133.181,175.579,175.754,174.546,177.824,202.619,250.436,
1133.681,171.704,171.847,172.359,176.855,202.744,250.592,
1134.212,166.485,167.285,169.640,175.386,200.369,249.530,
1134.712,164.110,165.410,168.359,174.324,198.275,248.248,
1135.212,164.110,165.441,167.921,173.386,198.713,246.998,
1135.744,164.829,166.129,168.327,174.043,198.181,246.373,
1136.244,165.391,166.160,168.952,174.668,199.838,248.155,
1136.744,165.235,166.441,169.265,175.261,201.369,248.592,
1137.275,165.798,166.785,169.577,175.511,200.306,250.092,
1137.775,165.798,166.879,169.484,175.699,200.494,249.905,
1138.275,165.829,166.847,169.640,175.386,196.838,249.280,
1138.806,165.516,166.629,169.546,175.355,198.088,249.311,
1139.306,164.735,166.222,169.452,175.293,201.650,249.811,
1139.806,164.391,165.879,168.890,175.293,200.244,249.717,
1140.337,164.360,165.254,168.671,175.136,198.619,249.373,
1140.837,164.579,165.722,169.109,175.386,199.744,248.436,
1141.337,165.266,166.566,169.796,175.668,200.463,251.311,
1141.869,167.610,168.004,170.421,176.199,200.556,251.311,
1142.369,169.110,169.160,170.859,176.199,201.213,249.905,
1142.869,167.735,168.316,170.452,175.886,203.244,249.967,
1143.400,165.141,166.597,169.734,175.699,201.588,249.530,
1143.900,164.548,165.910,169.515,175.449,198.713,249.280,
1144.400,165.048,166.441,169.796,175.793,200.838,250.217,
1144.931,166.016,167.379,169.859,176.074,200.838,249.248,
1145.431,167.704,168.472,170.359,176.105,200.963,251.061,
1145.931,169.110,169.379,170.671,176.261,200.900,251.748,
1146.462,168.954,169.129,170.484,176.324,201.150,251.717,
1146.962,167.610,167.847,169.734,176.105,199.650,251.655,
1147.462,166.048,166.535,169.234,175.605,201.119,250.248,
1147.994,165.423,166.691,169.515,175.543,201.213,249.592,
1148.494,165.423,166.691,169.796,175.699,198.556,249.592,
1148.994,165.610,166.566,169.890,176.043,200.431,250.498,
1149.525,166.048,167.160,169.921,176.074,201.213,250.905,
1150.025,167.454,168.660,171.077,176.855,202.869,251.248,
1150.525,171.891,172.722,173.702,178.449,204.244,254.311,
1151.056,177.860,178.285,177.265,181.043,207.931,255.717,
1151.556,181.735,181.691,179.984,183.043,206.994,256.842,
1152.087,182.329,182.347,180.515,183.168,207.025,257.092,
1152.587,182.423,182.972,180.765,183.168,207.650,257.342,
1153.087,182.923,183.472,181.234,183.043,207.494,257.405,
1153.619,183.798,184.097,181.546,183.074,207.525,257.217,
1154.119,183.079,182.504,179.921,181.793,207.150,256.186,
1154.619,178.423,178.035,176.202,178.855,204.931,253.561,
1155.150,171.548,171.754,172.077,176.886,202.306,251.748,
1155.650,167.048,167.566,170.171,176.105,200.931,249.873,
1156.150,165.954,167.004,169.577,175.949,203.244,250.342,
1156.681,165.891,167.066,169.984,175.793,201.025,250.873,
1157.181,165.798,166.597,169.859,175.824,200.463,249.967,
1157.681,165.173,165.941,169.484,175.761,199.838,249.123,
1158.212,164.954,165.879,169.171,175.761,200.931,250.248,
1158.712,164.641,165.754,169.140,175.511,201.650,249.873,
1159.212,164.673,165.879,169.171,175.636,202.588,250.842,
1159.744,164.798,165.910,169.015,175.605,203.150,249.811,
1160.244,164.704,165.566,168.984,175.386,201.400,250.030,
1160.744,163.923,165.035,168.609,175.011,201.306,249.811,
1161.275,163.704,165.004,168.359,175.418,200.556,250.780,
1161.775,164.079,165.347,168.921,175.386,200.463,250.967,
1162.275,164.423,165.691,169.077,175.668,201.400,251.061,
1162.806,164.329,165.472,168.890,175.543,201.494,251.748,
1163.306,165.766,166.941,169.390,176.199,201.025,251.436,
1163.806,170.110,170.941,172.109,177.449,202.213,250.842,
1164.337,175.704,175.847,175.296,179.230,203.619,252.998,
1164.837,177.641,177.191,175.577,179.261,204.056,253.467,
1165.337,172.923,172.816,173.109,177.543,202.400,252.748,
1165.869,166.641,167.441,169.546,175.449,201.869,250.811,
1166.369,164.110,165.066,168.577,175.230,201.400,250.311,
1166.869,163.891,165.379,168.734,175.793,198.775,249.717,
1167.400,164.798,165.691,168.734,175.355,200.244,248.686,
1167.900,164.548,165.691,168.796,175.574,202.900,247.686,
1168.400,163.766,165.129,168.421,175.293,201.463,249.530,
1168.931,163.485,164.566,168.171,175.043,199.244,251.061,
1169.431,163.610,164.879,167.984,175.418,198.994,248.780,
1169.931,163.766,164.847,168.109,175.324,200.244,248.780,
1170.462,163.766,164.754,168.202,175.261,200.650,248.655,
1170.962,163.454,164.691,168.202,175.105,200.150,247.873,
1171.462,163.298,164.691,168.202,174.730,200.744,248.342,
1171.994,163.266,164.879,168.171,175.136,202.306,249.686,
1172.494,163.516,164.972,168.265,174.855,203.400,248.373,
1173.025,163.485,165.191,168.452,175.074,200.775,248.311,
1173.525,163.735,164.941,168.171,175.293,198.431,247.905,
1174.025,163.829,164.941,168.421,174.886,201.306,247.623,
1174.556,164.485,165.597,168.702,175.230,200.025,248.155,
1175.056,165.548,166.347,169.234,175.855,199.963,248.686,
1175.556,165.954,166.347,169.234,175.636,199.838,247.780,
1176.087,165.423,166.066,168.765,175.355,200.275,247.780,
1176.587,164.141,165.160,168.015,175.230,200.931,249.342,
1177.087,163.266,164.410,167.859,175.261,201.556,250.061,
1177.619,163.016,164.316,167.859,175.449,199.681,247.998,
1178.119,163.016,164.316,168.109,175.449,199.588,248.217,
1178.619,162.766,164.254,168.109,175.105,200.119,248.155,
1179.150,162.548,163.972,167.765,174.980,200.431,248.280,
1179.650,162.735,164.254,167.890,175.761,201.744,247.998,
1180.150,163.110,164.285,168.577,177.074,203.744,250.342,
1180.681,163.485,164.722,169.359,178.355,203.119,250.217,
1181.181,163.798,165.191,169.671,179.105,204.494,251.936,
1181.681,163.985,165.129,169.327,177.980,204.525,251.155,
1182.212,163.673,164.535,168.390,176.543,204.556,249.936,
1182.712,163.048,164.160,167.796,175.574,201.963,247.936,
1183.212,162.579,163.910,167.921,175.574,201.806,248.436,
1183.744,162.579,164.035,168.046,175.980,201.244,248.686,
1184.244,162.798,164.004,168.046,176.136,202.744,248.686,
1184.744,162.735,163.910,168.327,176.386,203.494,250.092,
1185.275,162.798,164.035,168.577,176.730,204.494,249.280,
1185.775,162.891,164.504,168.702,177.199,204.088,248.592,
1186.275,162.985,164.410,168.734,177.511,204.119,250.123,
1186.806,162.954,164.004,168.702,177.949,202.556,249.217,
1187.306,162.610,163.847,168.546,177.730,202.431,249.905,
1187.806,162.079,163.535,168.484,176.886,201.556,249.467,
1188.337,162.110,163.379,167.827,175.730,202.713,248.748,
1188.837,162.141,163.347,167.577,174.886,203.556,249.248,
1189.337,162.048,163.660,167.515,174.730,201.619,247.842,
1189.869,161.985,163.535,167.671,175.074,202.056,246.530,
1190.369,162.298,163.754,168.140,176.011,204.119,247.623,
1190.869,162.923,164.191,168.827,176.824,205.525,249.311,
1191.400,163.891,165.066,169.421,177.855,204.431,250.061,
1191.900,164.235,165.410,169.671,178.386,204.525,250.373,
1192.400,163.923,164.754,169.952,178.918,204.744,250.905,
1192.931,163.204,164.285,169.921,178.793,204.213,249.561,
1193.431,162.516,163.816,168.827,177.730,203.713,249.030,
1193.962,161.829,163.535,167.671,175.918,203.744,248.967,
1194.462,161.860,163.347,167.296,175.011,201.869,248.217,
1194.962,161.860,163.222,167.484,174.793,201.056,248.530,
1195.494,161.891,162.941,167.796,175.793,202.306,248.936,
1195.994,161.891,163.347,168.296,176.605,202.056,250.280,
1196.494,161.954,163.597,169.015,177.855,202.681,251.373,
1197.025,162.298,163.597,169.640,178.918,204.744,252.405,
1197.525,162.704,163.785,169.702,179.230,206.900,253.186,
1198.025,162.735,163.972,169.796,179.386,205.775,253.217,
1198.556,162.891,163.754,169.734,179.355,205.775,252.342,
1199.056,162.641,163.816,169.734,178.980,206.244,252.123,
1199.556,162.673,163.847,169.702,178.886,205.838,250.998,
1200.087,162.610,163.785,169.296,178.261,205.869,251.530,
1200.587,162.423,163.472,168.202,177.136,204.900,250.280,
1201.087,161.923,163.379,167.827,175.199,203.181,247.498,
1201.619,161.548,162.879,167.015,174.199,200.806,247.405,
1202.119,161.610,163.097,166.671,173.886,200.806,247.217,
1202.619,161.610,163.004,167.046,174.230,202.369,247.717,
1203.150,161.704,163.004,167.609,175.605,202.431,248.061,
1203.650,162.016,163.347,168.765,176.824,203.869,250.311,
1204.150,162.454,163.535,168.859,178.230,205.963,251.217,
1204.681,162.704,163.410,169.952,178.761,206.119,253.155,
1205.181,162.360,163.597,169.765,179.105,207.713,254.592,
1205.681,162.298,163.629,169.859,179.886,208.775,254.436,
1206.212,162.141,163.504,169.984,179.855,209.744,254.748,
1206.712,161.923,163.254,169.577,179.043,210.369,253.780,
1207.212,161.891,163.222,168.452,176.668,207.963,250.592,
1207.744,161.548,163.097,167.546,174.824,202.963,247.842,
1208.244,161.454,162.722,167.202,173.949,201.681,246.092,
1208.744,161.173,162.722,167.327,174.886,201.181,247.092,
1209.275,161.079,162.847,168.202,176.543,200.650,250.373,
1209.775,161.204,162.722,169.671,178.855,204.619,253.061,
1210.275,161.485,163.035,171.515,181.699,207.619,255.655,
1210.806,161.860,163.441,172.827,184.480,214.713,259.342,
1211.306,162.173,163.597,173.640,185.730,213.525,262.748,
1211.806,162.829,164.004,173.640,186.074,215.275,262.498,
1212.337,162.798,164.004,173.952,186.199,215.369,262.436,
1212.837,162.829,163.816,173.734,186.668,216.088,263.655,
1213.369,162.516,163.566,173.390,186.386,213.963,262.248,
1213.869,162.266,163.472,172.327,183.418,210.994,258.655,
1214.369,161.860,163.347,169.202,178.636,207.556,252.811,
1214.900,161.579,163.160,167.077,174.293,202.775,247.436,
1215.400,161.548,162.722,166.046,172.386,200.213,246.123,
1215.900,161.454,162.847,165.765,172.168,199.088,245.873,
1216.431,161.485,162.941,165.859,172.168,198.056,244.592,
1216.931,161.485,162.847,165.265,171.699,198.588,243.686,
1217.431,161.391,162.879,165.077,171.324,198.931,244.092,
1217.962,161.204,162.660,164.577,170.699,195.713,242.155,
1218.462,160.829,162.222,164.515,170.418,195.619,242.061,
1218.962,160.766,162.441,164.796,170.886,196.994,243.280,
1219.494,161.204,162.847,166.640,173.324,196.369,245.061,
1219.994,162.048,163.160,169.859,178.418,202.369,248.842,
1220.494,162.141,163.410,172.796,183.324,206.244,252.530,
1221.025,161.360,162.972,173.921,185.105,208.056,255.061,
1221.525,161.329,162.722,174.452,185.855,209.150,255.467,
1222.025,161.329,162.754,174.171,185.324,209.150,255.092,
1222.556,161.204,162.754,172.734,183.543,205.838,253.030,
1223.056,161.173,162.472,171.859,181.574,206.994,250.436,
1223.556,161.110,162.410,169.890,179.168,204.619,250.623,
1224.087,160.641,162.035,167.234,175.449,202.744,245.936,
1224.587,160.204,161.504,165.640,172.980,198.463,243.467,
1225.087,160.079,161.722,164.702,171.168,198.056,243.405,
1225.619,160.048,161.754,164.452,170.730,198.056,243.842,
1226.119,159.985,161.754,164.984,171.668,195.963,243.155,
1226.619,159.766,161.879,165.421,171.918,194.088,243.217,
1227.150,159.954,161.660,165.484,171.386,194.119,242.842,
1227.650,160.266,161.910,165.359,171.105,193.181,239.873,
1228.150,160.423,162.222,165.515,170.855,192.588,237.936,
1228.681,160.329,162.254,165.046,170.511,194.056,238.123,
1229.181,160.079,162.254,164.171,170.011,199.400,239.467,
1229.681,159.735,161.691,163.577,169.605,197.963,240.280,
1230.212,159.329,161.160,162.827,169.543,195.588,240.623,
1230.712,159.141,160.816,162.546,168.730,195.900,240.561,
1231.212,159.141,161.066,162.827,168.761,191.681,239.248,
1231.744,159.204,160.816,162.640,168.668,192.900,240.092,
1232.244,159.079,160.504,162.421,168.074,194.588,239.561,
1232.744,159.204,160.410,162.171,167.480,192.650,237.748,
1233.275,159.704,160.410,161.609,166.668,189.650,234.873,
1233.775,160.985,160.004,160.765,165.511,187.900,232.655,
1234.306,161.454,159.660,159.671,164.136,188.650,232.186,
1234.806,161.298,159.785,159.202,163.636,185.713,230.623,
1235.306,160.766,160.066,160.046,164.199,186.431,229.905,
1235.837,160.704,160.535,161.109,165.043,188.744,233.155,
1236.337,160.173,160.660,161.921,166.168,190.869,237.873,
1236.837,159.798,160.785,162.421,167.168,192.338,239.248,
1237.369,159.641,161.347,163.484,168.136,194.431,239.123,
1237.869,159.329,161.410,163.484,168.418,193.931,239.530,
1238.369,158.860,160.379,162.390,167.543,193.994,239.936,
1238.900,158.423,159.285,160.140,165.449,192.650,237.061,
1239.400,158.704,158.629,158.296,163.449,191.806,234.592,
1239.900,159.548,159.035,157.702,163.043,191.931,234.248,
1240.431,159.766,159.629,158.109,163.136,191.338,233.842,
1240.931,159.673,160.066,160.015,164.918,193.025,235.967,
1241.431,159.516,161.191,162.515,167.480,193.431,238.842,
1241.962,159.860,162.254,164.202,169.011,195.088,240.873,
1242.462,160.485,162.535,164.421,169.418,196.806,242.717,
1242.962,160.485,161.847,163.390,168.511,195.150,240.405,
1243.494,160.454,161.285,161.734,166.355,193.588,239.311,
1243.994,160.141,160.379,159.890,164.386,190.806,236.405,
1244.494,160.548,159.910,158.452,162.355,187.931,232.655,
1245.025,161.048,159.910,157.452,161.230,188.650,231.061,
1245.525,161.891,160.191,156.796,160.918,191.369,231.623,
1246.025,162.204,160.222,157.015,160.824,184.369,231.998,
1246.556,162.204,160.347,157.077,160.980,187.056,230.905,
1247.056,162.079,160.910,157.890,161.730,188.369,230.905,
1247.556,161.798,161.816,160.109,163.793,186.119,234.467,
1248.087,161.798,162.847,162.734,167.011,192.775,237.686,
1248.587,161.423,163.160,164.234,168.949,199.369,240.373,
1249.087,161.329,163.035,164.515,169.324,201.025,240.123,
1249.619,161.266,163.160,164.609,169.199,196.681,240.717,
1250.119,161.360,163.691,165.452,170.105,195.338,241.905,
1250.619,161.891,163.847,166.077,170.605,198.775,242.592,
1251.150,162.110,163.816,165.577,170.418,197.744,242.311,
1251.650,162.329,162.691,163.359,168.574,194.119,240.123,
1252.150,162.016,161.316,160.796,165.855,189.525,238.342,
1252.681,161.641,160.504,159.140,163.761,189.306,235.686,
1253.181,161.860,161.816,160.734,165.168,190.463,236.561,
1253.681,162.016,163.035,163.390,167.855,193.556,240.311,
1254.212,161.954,163.629,164.890,169.293,195.150,242.623,
1254.712,161.579,163.316,164.796,169.261,197.400,241.936,
1255.244,161.423,162.879,164.296,168.730,196.869,240.780,
1255.744,161.704,163.160,164.577,169.168,197.525,240.998,
1256.244,162.266,163.691,165.546,170.168,197.431,243.217,
1256.775,162.829,164.066,165.921,170.699,197.025,243.748,
1257.275,163.454,163.347,164.140,169.168,199.900,241.998,
1257.775,164.173,162.254,161.171,166.386,194.056,239.905,
1258.306,164.548,161.941,159.109,164.261,195.369,239.780,
1258.806,165.016,161.754,159.202,164.293,192.463,238.842,
1259.306,164.485,161.816,159.671,164.324,191.181,238.655,
1259.837,163.891,161.410,159.484,164.230,191.900,239.467,
1260.337,163.266,160.972,158.859,163.480,192.463,238.155,
1260.837,163.173,160.691,158.234,163.011,192.431,238.280,
1261.369,163.485,160.910,158.202,163.324,190.963,240.186,
1261.869,164.016,161.035,158.859,163.668,192.244,240.248,
1262.369,163.610,161.566,159.734,164.230,192.306,239.280,
1262.900,162.673,161.597,160.171,165.074,193.588,239.748,
1263.400,161.423,161.754,161.265,166.668,194.213,241.842,
1263.900,161.204,162.222,162.421,167.511,194.463,241.998,
1264.431,161.641,162.629,162.984,167.605,194.681,240.592,
1264.931,161.735,162.535,163.390,167.699,194.525,239.936,
1265.431,161.610,162.535,163.609,167.918,196.775,240.592,
1265.962,161.485,162.722,163.827,168.355,196.775,241.592,
1266.462,161.610,162.691,164.046,168.636,196.306,241.623,
1266.962,161.610,163.035,164.265,168.699,196.838,240.498,
1267.494,161.548,163.129,164.359,168.761,197.869,241.530,
1267.994,162.016,163.316,164.952,169.386,197.150,241.873,
1268.494,162.579,164.129,165.546,169.574,198.650,242.592,
1269.025,162.985,164.472,165.546,170.136,199.369,243.342,
1269.525,162.735,164.066,165.546,170.355,199.369,243.155,
1270.025,162.610,163.754,165.234,170.105,198.744,242.967,
1270.556,162.329,163.722,165.015,169.886,199.088,242.498,
1271.056,162.235,163.379,164.827,169.293,201.963,241.936,
1271.556,161.704,163.129,164.452,169.230,194.713,240.936,
1272.087,161.735,163.066,164.140,169.261,201.650,241.686,
1272.587,161.954,163.441,164.827,169.480,200.650,241.717,
1273.087,161.891,163.097,164.546,169.355,197.775,240.217,
1273.619,161.735,162.879,164.077,168.793,197.556,239.842,
1274.119,161.985,163.254,164.484,169.449,197.025,240.748,
1274.650,162.673,163.847,165.327,170.199,197.494,241.873,
1275.150,163.173,164.410,166.077,170.949,200.525,244.030,
1275.650,163.173,164.847,166.452,171.449,196.744,243.123,
1276.181,163.579,164.972,166.515,171.386,199.431,243.936,
1276.681,163.516,164.847,166.452,171.230,197.619,244.061,
1277.181,163.360,164.660,166.171,170.949,198.275,242.811,
1277.712,162.891,164.097,165.921,170.761,198.400,243.592,
1278.212,162.454,163.847,165.515,170.199,200.431,242.561,
1278.712,162.454,163.879,165.171,169.699,199.275,242.155,
1279.244,162.266,164.004,165.015,169.636,197.431,242.623,
1279.744,162.141,163.722,164.952,169.574,196.713,242.155,
1280.244,162.079,163.722,164.796,169.636,195.556,241.655,
1280.775,162.266,163.691,165.171,169.605,196.588,242.280,
1281.275,162.360,163.691,164.890,169.574,198.275,241.248,
1281.775,162.454,163.785,164.827,169.386,197.744,242.061,
1282.306,162.579,163.847,165.015,169.668,197.963,242.092,
1282.806,162.798,164.191,165.671,170.074,199.119,242.092,
1283.306,163.204,164.941,166.109,171.011,198.244,243.186,
1283.837,163.579,164.941,166.577,171.574,197.650,242.998,
1284.337,163.704,164.910,166.796,171.574,201.838,243.592,
1284.837,163.735,164.910,166.702,171.511,199.181,242.842,
1285.369,163.798,164.785,166.390,171.168,197.713,242.873,
1285.869,163.048,164.660,166.484,170.511,198.650,243.498,
1286.369,162.516,164.160,165.921,170.074,198.931,243.311,
1286.900,162.016,163.316,164.796,169.230,199.463,242.530,
1287.400,161.579,163.160,164.140,168.918,200.994,240.592,
1287.900,161.454,162.941,164.296,168.668,195.963,238.186,
1288.431,161.360,162.910,164.202,168.511,197.525,239.248,
1288.931,161.079,162.785,163.921,168.511,196.588,239.561,
1289.431,161.735,163.254,164.296,168.824,196.306,240.467,
1289.962,162.266,163.816,164.890,169.636,196.869,241.311,
1290.462,162.829,164.316,165.546,170.543,197.525,242.623,
1290.962,163.360,164.816,166.327,171.136,198.244,242.811,
1291.494,163.641,165.035,166.359,171.761,199.525,244.030,
1291.994,163.548,165.097,166.296,171.386,199.681,243.686,
1292.494,163.423,165.129,166.327,171.136,199.838,242.967,
1293.025,163.048,164.660,166.046,170.855,200.744,243.405,
1293.525,162.485,163.879,165.452,169.636,199.244,240.436,
1294.025,161.829,163.066,164.390,168.824,199.869,239.873,
1294.556,161.673,162.785,163.984,167.886,202.088,238.998,
1295.056,161.641,162.629,164.202,167.918,201.150,238.342,
1295.587,161.735,162.972,164.327,168.043,200.681,238.155,
1296.087,161.548,163.254,164.359,168.136,200.713,238.842,
1296.587,161.391,163.066,164.359,167.824,200.275,239.811,
1297.119,161.704,163.597,164.640,168.324,198.869,240.311,
1297.619,162.391,164.222,165.390,169.386,196.463,241.186,
1298.119,163.016,164.816,166.296,170.386,197.775,242.967,
1298.650,163.954,165.691,167.234,171.636,199.963,243.686,
1299.150,164.110,166.097,167.765,172.324,199.963,244.998,
1299.650,164.360,166.097,167.890,172.980,204.400,245.592,
1300.181,164.735,165.972,167.671,172.730,206.056,248.248,
1300.681,164.766,165.941,167.609,172.230,206.525,246.623,
1301.181,164.516,165.816,167.359,172.136,206.744,246.186,
1301.712,163.985,165.379,166.921,171.886,198.494,247.248,
1302.212,163.704,165.285,166.827,171.418,199.525,246.186,
1302.712,163.516,165.160,166.765,170.886,203.369,243.498,
1303.244,163.391,164.816,166.202,170.761,203.619,243.655,
1303.744,162.891,164.222,165.515,170.168,202.744,243.373,
1304.244,162.641,163.785,165.390,169.793,195.681,242.436,
1304.775,161.641,163.035,164.515,168.543,200.588,237.967,
1305.275,160.735,162.410,163.734,167.699,199.494,237.655,
1305.775,160.673,162.472,163.640,167.886,200.088,237.186,
1306.306,161.016,162.441,163.640,168.136,200.369,237.748,
1306.806,161.266,162.441,163.640,168.605,201.306,237.030,
1307.306,161.485,162.722,163.890,168.605,200.431,237.311,
1307.837,161.485,162.941,164.421,168.355,195.494,238.842,
1308.337,162.548,163.941,165.359,169.449,195.775,238.248,
1308.837,163.704,164.879,166.421,170.730,200.994,239.998,
1309.369,164.110,165.566,166.890,171.699,204.775,242.905,
1309.869,164.235,165.847,167.234,172.199,205.619,243.748,
1310.369,164.048,165.597,166.890,171.918,204.900,243.186,
1310.900,163.610,165.285,166.671,170.918,200.213,242.936,
1311.400,162.860,164.222,165.796,169.793,198.838,241.373,
1311.900,161.548,163.191,164.484,168.480,197.744,238.217,
1312.431,159.673,161.097,162.546,166.386,197.150,235.967,
1312.931,157.641,158.754,159.827,163.605,192.588,232.686,
1313.431,156.266,157.316,158.390,161.918,190.650,229.686,
1313.962,155.766,157.097,158.921,162.480,191.431,230.155,
1314.462,156.579,158.785,160.671,164.886,194.869,232.092,
1314.994,159.579,161.472,163.609,168.168,198.931,237.280,
1315.494,162.454,163.816,165.359,170.324,200.744,239.717,
1315.994,163.110,164.910,166.359,171.355,203.306,241.123,
1316.525,163.548,165.347,166.796,171.980,203.306,241.311,
1317.025,164.204,166.097,167.640,173.105,203.431,240.936,
1317.525,164.891,166.347,168.171,173.793,202.275,241.436,
1318.056,165.454,166.941,168.452,173.793,199.681,241.030,
1318.556,165.391,166.941,168.577,173.449,200.275,241.217,
1319.056,165.016,166.472,168.296,173.168,201.869,241.967,
1319.587,164.641,166.316,167.734,172.418,202.994,242.467,
1320.087,164.360,165.722,167.015,172.168,204.838,242.248,
1320.587,163.766,165.035,166.421,172.105,201.025,243.905,
1321.119,163.798,164.941,166.109,171.668,204.775,243.498,
1321.619,163.891,165.410,166.765,171.855,204.213,244.592,
1322.119,164.079,165.472,166.859,172.136,203.869,243.998,
1322.650,163.641,165.285,166.327,172.511,205.619,244.373,
1323.150,163.735,164.910,166.327,171.918,206.744,244.873,
1323.650,163.923,165.191,166.952,171.668,201.650,245.123,
1324.181,164.579,165.879,167.359,171.418,200.619,243.030,
1324.681,164.766,166.472,167.921,170.574,203.681,242.530,
1325.181,165.798,167.097,168.609,170.074,198.306,242.092,
1325.712,166.766,167.316,169.171,169.761,198.025,242.092,
1326.212,167.079,167.316,169.234,169.605,195.900,242.311,
1326.712,167.516,167.754,169.452,169.261,199.275,241.592,
1327.244,167.391,167.816,169.265,169.543,203.369,242.405,
1327.744,166.548,167.160,168.671,169.574,201.056,242.405,
1328.244,165.704,166.754,167.827,170.230,196.088,242.248,
1328.775,165.516,166.066,167.577,170.949,199.150,243.123,
1329.275,165.516,166.566,167.421,171.480,203.275,243.936,
1329.775,165.485,166.504,167.515,171.418,204.619,244.186,
1330.306,165.360,166.347,167.359,171.168,205.150,243.092,
1330.806,165.485,166.847,167.952,171.636,199.556,242.436,
1331.306,165.360,166.597,167.734,171.824,204.119,243.467,
1331.837,165.204,166.722,167.859,171.668,200.681,242.373,
1332.337,165.048,166.660,167.546,171.355,203.588,241.155,
1332.837,165.329,166.816,167.671,171.386,205.213,242.811,
1333.369,165.110,166.785,167.827,171.355,204.494,243.092,
1333.869,165.235,166.566,167.734,171.605,201.494,243.623,
1334.369,165.235,166.441,167.765,171.668,197.556,242.717,
1334.900,165.016,166.441,167.640,171.355,199.744,243.092,
1335.400,164.891,166.504,167.546,171.355,205.525,243.780,
1335.931,165.423,166.535,167.671,171.511,200.588,243.061,
1336.431,165.360,166.629,168.077,171.730,203.525,243.092,
1336.931,165.360,166.722,168.171,171.761,204.150,243.592,
1337.462,165.360,166.722,167.671,171.668,205.025,242.092,
1337.962,165.360,166.660,168.015,171.605,206.088,242.561,
1338.462,165.298,166.504,168.015,171.605,205.025,243.123,
1338.994,164.954,166.597,167.640,171.511,204.088,242.561,
1339.494,165.360,166.722,167.577,171.574,200.963,243.248,
1339.994,165.048,166.660,167.890,171.574,205.994,242.248,
1340.525,165.173,166.441,167.640,171.136,197.525,242.123,
1341.025,165.329,166.441,167.734,171.574,200.400,242.873,
1341.525,165.329,166.754,167.952,171.886,202.681,243.467,
1342.056,165.766,166.972,168.234,172.480,201.900,244.061,
1342.556,165.891,167.347,168.577,172.699,200.838,244.061,
1343.056,165.923,167.222,168.577,172.636,200.088,245.530,
1343.587,165.923,167.441,168.702,172.793,203.150,244.873,
1344.087,166.173,167.285,168.609,172.918,201.025,243.592,
1344.587,166.016,167.160,168.015,172.480,199.056,243.436,
1345.119,165.516,166.879,167.765,171.855,203.275,243.092,
1345.619,165.516,166.941,167.921,171.574,199.650,242.967,
1346.119,165.923,167.347,168.327,171.761,201.556,242.967,
1346.650,165.985,167.191,168.327,172.293,201.681,243.873,
1347.150,165.766,167.129,168.327,172.574,202.181,244.592,
1347.650,165.766,167.504,168.296,172.386,202.713,243.998,
1348.181,165.923,167.691,168.577,172.418,203.275,244.061,
1348.681,165.954,167.316,168.609,172.480,203.681,244.186,
1349.181,166.079,167.410,168.796,172.293,202.431,243.592,
1349.712,165.673,166.972,168.234,171.918,202.869,243.998,
1350.212,165.735,167.160,168.140,171.980,200.306,243.686,
1350.712,165.829,166.972,168.296,172.230,195.806,243.748,
1351.244,165.798,166.972,168.359,172.199,199.275,243.592,
1351.744,165.735,166.785,168.390,172.230,206.056,244.561,
1352.244,165.204,166.754,167.859,171.980,202.900,243.561,
1352.775,164.829,166.035,167.421,171.480,200.400,243.217,
1353.275,164.485,165.785,167.077,170.761,196.431,241.467,
1353.775,164.391,165.847,167.046,170.855,204.525,240.998,
1354.306,164.704,166.222,167.046,171.511,202.463,240.873,
1354.806,165.173,166.504,167.609,171.168,199.619,241.373,
1355.306,165.298,166.785,167.734,171.574,200.556,241.155,
1355.837,165.173,166.941,167.734,171.418,201.275,242.811,
1356.337,165.329,166.629,167.577,171.386,199.463,241.998,
1356.869,164.735,165.847,167.077,171.043,199.463,240.623,
1357.369,163.860,165.129,166.359,169.918,196.806,238.811,
1357.869,162.985,164.160,165.265,168.918,197.900,237.248,
1358.400,161.329,162.410,163.952,167.949,197.525,235.092,
1358.900,158.454,159.535,161.046,165.449,191.963,232.436,
1359.400,156.016,157.035,158.609,162.761,186.681,228.405,
1359.931,154.610,155.754,157.296,160.949,189.838,226.280,
1360.431,154.516,155.754,156.546,160.261,187.713,225.405,
1360.931,154.454,155.785,156.515,160.261,185.213,224.373,
1361.462,154.235,155.722,156.671,160.418,185.556,225.092,
1361.962,154.016,155.472,156.234,159.730,184.150,225.092,
1362.462,153.673,154.535,155.484,159.043,184.994,225.498,
1362.994,153.485,154.566,155.484,159.011,184.338,223.092,
1363.494,153.829,155.191,156.046,159.168,183.838,222.655,
1363.994,154.360,155.160,156.265,159.636,183.744,223.373,
1364.525,153.923,154.910,156.077,159.324,185.213,222.561,
1365.025,153.829,155.097,155.702,158.793,184.400,222.373,
1365.525,154.673,155.879,156.609,158.949,185.650,222.467,
1366.056,156.860,158.441,158.890,161.168,185.838,223.405,
1366.556,159.954,161.285,162.296,164.886,190.025,229.436,
1367.056,161.985,163.441,164.546,168.230,196.338,235.123,
1367.587,162.016,163.535,164.890,168.574,197.025,236.248,
1368.087,159.923,161.285,162.515,166.355,193.775,234.342,
1368.587,157.454,158.722,160.015,163.043,193.681,229.936,
1369.119,155.829,157.722,158.734,161.293,185.431,225.530,
1369.619,156.298,158.285,158.952,161.386,187.900,222.311,
1370.119,159.110,160.816,161.577,164.418,193.025,225.967,
1370.650,162.329,163.629,164.296,168.136,198.119,233.905,
1371.150,163.766,164.535,165.984,169.636,201.150,237.530,
1371.650,162.860,164.097,165.515,169.293,200.650,236.873,
1372.181,162.548,164.191,165.046,168.730,195.056,234.248,
1372.681,163.423,164.597,165.609,169.074,197.963,234.155,
1373.181,164.454,165.691,166.609,170.386,199.244,238.842,
1373.712,164.610,165.691,166.952,170.730,201.650,240.373,
1374.212,163.923,165.316,166.452,170.324,203.119,240.905,
1374.712,162.235,163.879,165.202,168.605,198.275,238.623,
1375.244,160.704,162.379,162.984,166.699,197.713,233.686,
1375.744,159.860,161.254,162.140,165.261,195.838,230.436,
1376.275,159.798,161.254,162.234,165.199,195.306,229.811,
1376.775,159.423,160.722,161.796,164.543,194.025,228.655,
1377.275,158.516,159.441,160.702,163.480,192.744,227.717,
1377.806,157.110,157.941,158.921,161.699,191.931,224.280,
1378.306,156.016,157.035,157.921,160.605,185.306,221.186,
1378.806,155.548,156.597,157.359,159.699,184.775,221.030,
1379.337,155.548,156.441,157.015,159.418,187.244,221.186,
1379.837,155.485,156.754,157.077,159.699,187.150,222.186,
1380.337,155.891,156.629,157.265,159.980,188.775,223.530,
1380.869,156.485,157.629,158.046,160.355,191.181,224.686,
1381.369,157.298,158.597,159.390,162.043,193.400,226.311,
1381.869,159.298,160.629,161.390,164.105,195.556,230.061,
1382.400,162.016,163.472,164.077,166.543,198.119,233.780,
1382.900,164.048,165.347,165.952,168.418,200.744,238.030,
1383.400,165.016,166.097,166.952,169.980,198.494,238.780,
1383.931,165.673,167.347,167.827,171.293,202.088,241.467,
1384.431,166.704,168.129,168.765,172.324,206.306,244.905,
1384.931,167.235,168.504,169.390,173.074,207.463,245.592,
1385.462,167.141,168.629,169.577,173.074,207.588,245.592,
1385.962,166.641,168.191,169.296,172.855,206.963,243.405,
1386.462,165.829,167.410,168.765,172.543,205.525,243.217,
1386.994,164.860,166.816,168.327,171.824,206.369,244.123,
1387.494,164.735,166.316,167.671,171.543,205.806,242.311,
1387.994,163.860,165.097,166.359,170.418,205.275,242.186,
1388.525,162.391,163.722,164.984,168.980,202.088,239.311,
1389.025,162.016,163.222,164.484,167.793,201.056,237.061,
1389.525,162.423,163.566,164.609,167.636,198.994,235.748,
1390.056,162.048,163.566,164.577,167.574,198.931,233.655,
1390.556,161.798,162.941,164.421,167.511,198.525,232.780,
1391.056,160.985,162.097,163.265,167.136,197.931,232.373,
1391.587,160.235,161.379,162.452,166.699,198.681,232.373,
1392.087,161.704,162.597,163.109,167.636,198.806,234.748,
1392.587,163.016,164.066,164.859,169.480,201.181,237.936,
1393.119,163.016,164.222,164.796,170.011,201.588,238.592,
1393.619,162.766,163.941,164.484,169.418,201.088,237.155,
1394.119,162.016,163.566,164.390,169.168,200.900,237.123,
1394.650,160.048,161.004,162.359,166.418,195.650,233.186,
1395.150,158.298,159.222,160.234,164.355,192.588,231.498,
1395.650,157.704,158.566,159.234,163.730,191.713,230.967,
1396.181,157.704,159.254,160.296,164.418,194.463,229.842,
1396.681,158.110,159.504,160.702,165.230,195.431,229.405,
1397.212,156.641,157.972,159.452,163.574,194.275,227.248,
1397.712,154.016,155.004,156.046,160.386,188.900,223.655,
1398.212,151.204,152.379,153.577,157.168,184.338,218.436,
1398.744,149.579,150.254,151.609,154.605,177.681,214.686,
1399.244,149.204,150.066,150.859,153.980,183.556,213.248,
1399.744,149.141,150.285,150.734,153.824,176.963,211.748,
1400.275,150.079,151.129,151.702,154.261,178.213,212.498,
1400.775,151.954,152.785,153.390,155.918,184.213,214.280,
1401.275,153.548,154.347,154.827,157.886,185.181,218.248,
1401.806,155.110,156.191,156.921,160.074,185.619,221.748,
1402.306,156.204,157.629,158.827,162.511,189.681,223.530,
1402.806,157.298,158.785,160.077,163.605,193.400,226.498,
1403.337,158.829,159.691,160.921,164.699,195.213,230.405,
1403.837,159.891,160.879,162.171,166.136,197.056,231.373,
1404.337,161.485,162.472,163.702,167.980,199.338,234.592,
1404.869,163.548,164.441,165.421,170.480,202.150,238.967,
1405.369,164.673,165.722,166.890,172.011,203.775,242.405,
1405.869,165.610,166.629,167.640,173.199,205.994,243.623,
1406.400,166.641,167.722,168.702,174.418,207.306,245.967,
1406.900,167.735,168.597,169.796,175.699,208.994,249.811,
1407.400,168.454,169.410,170.421,176.699,211.463,248.467,
1407.931,168.610,169.410,171.077,177.261,211.463,250.280,
1408.431,168.891,169.754,170.796,177.418,210.994,250.748,
1408.931,168.766,170.035,170.984,177.418,210.588,250.780,
1409.462,168.360,170.004,171.234,177.386,211.338,249.717,
1409.962,168.579,169.879,171.390,177.449,211.056,249.686,
1410.462,169.079,170.097,171.421,178.011,211.306,250.498,
1410.994,169.641,170.379,171.609,177.793,211.494,250.967,
1411.494,169.548,171.004,171.640,177.949,212.744,251.530,
1411.994,168.891,170.410,171.421,177.668,211.338,251.655,
1412.525,168.329,169.316,170.484,177.449,208.869,249.873,
1413.025,167.891,168.941,170.202,177.293,210.588,248.530,
1413.525,168.548,169.972,171.234,177.699,210.494,249.530,
1414.056,169.548,171.222,172.577,178.386,211.400,250.530,
1414.556,170.329,171.691,173.359,178.761,212.181,251.780,
1415.056,171.141,172.347,174.140,179.386,213.088,251.123,
1415.587,172.079,173.660,174.984,179.168,211.244,249.873,
1416.087,172.985,174.722,175.765,178.418,210.369,248.717,
1416.587,173.641,175.472,176.296,178.261,209.181,247.561,
1417.119,173.548,175.566,176.484,178.074,208.994,247.655,
1417.619,173.329,175.160,176.546,178.355,209.556,246.342,
1418.150,173.016,174.910,176.202,178.011,208.556,245.592,
1418.650,172.923,174.191,175.859,177.668,207.931,245.780,
1419.150,171.798,173.441,174.765,178.105,209.338,246.905,
1419.681,171.048,172.691,173.859,179.136,211.994,249.655,
1420.181,170.579,172.004,173.109,179.136,212.744,251.873,
1420.681,168.985,169.816,171.046,177.980,211.775,250.186,
1421.212,166.141,166.941,168.171,175.418,209.150,247.217,
1421.712,165.610,166.191,167.265,174.605,207.494,244.998,
1422.212,166.391,167.254,168.296,175.355,207.650,244.905,
1422.744,166.016,167.097,168.359,175.449,207.869,245.623,
1423.244,163.704,164.910,166.109,174.105,207.056,244.280,
1423.744,161.985,163.316,164.296,171.324,204.338,240.280,
1424.275,162.704,163.660,164.077,170.043,202.150,236.748,
1424.775,163.610,164.941,165.671,170.043,200.025,237.092,
1425.275,164.548,165.472,166.765,170.730,201.713,236.248,
1425.806,164.329,165.222,166.015,170.043,200.119,234.655,
1426.306,163.798,164.472,165.296,169.293,199.525,234.780,
1426.806,164.516,164.941,165.702,170.168,200.306,235.373,
1427.337,165.204,165.972,166.827,171.886,202.088,236.905,
1427.837,165.360,166.472,167.390,173.011,203.900,238.155,
1428.337,165.860,166.629,167.577,173.949,204.494,239.561,
1428.869,165.891,166.722,167.765,174.355,204.369,240.842,
1429.369,166.110,167.004,168.140,174.043,205.400,240.967,
1429.869,167.579,168.410,169.640,175.761,207.338,243.905,
1430.400,169.329,170.004,171.984,178.293,210.463,248.467,
1430.900,169.798,170.910,173.077,179.293,212.588,250.123,
1431.400,170.298,171.285,173.484,180.199,213.338,252.342,
1431.931,170.516,171.691,173.640,180.636,213.744,252.686,
1432.431,170.641,171.691,173.796,181.136,214.369,253.842,
1432.931,170.923,171.660,173.796,181.168,214.244,251.780,
1433.462,170.516,171.379,173.796,180.355,213.525,251.092,
1433.962,170.579,171.754,173.890,179.949,213.400,251.217,
1434.462,170.954,172.191,174.140,180.261,213.463,251.498,
1434.994,171.298,172.754,174.609,179.949,212.681,251.530,
1435.494,171.641,173.379,174.734,179.418,213.244,251.561,
1435.994,172.641,174.535,175.171,179.230,213.525,252.311,
1436.525,173.485,175.379,175.671,178.199,211.619,251.186,
1437.025,174.141,175.972,175.796,178.261,213.431,250.530,
1437.556,174.079,176.004,176.077,178.043,212.088,250.248,
1438.056,173.954,175.722,175.765,178.261,212.150,252.123,
1438.556,173.423,175.035,175.484,179.136,213.306,252.217,
1439.087,172.766,174.472,175.421,179.449,212.619,251.530,
1439.587,172.391,173.722,175.202,179.668,213.275,252.655,
1440.087,171.985,173.254,175.234,180.168,214.025,252.811,
1440.619,172.016,173.097,175.359,180.886,214.525,252.936,
1441.119,171.735,172.816,175.515,181.511,214.338,255.186,
1441.619,171.454,172.816,175.484,181.449,214.994,254.405,
1442.150,171.016,172.535,175.234,181.199,213.775,253.186,
1442.650,170.704,171.629,174.921,180.761,212.494,250.998,
1443.150,170.704,171.629,174.327,180.293,213.338,251.030,
1443.681,170.766,172.066,174.390,180.730,212.494,250.936,
1444.181,171.329,172.535,174.984,180.886,211.994,251.967,
1444.681,171.329,172.847,175.390,180.886,214.869,251.623,
1445.212,171.673,172.941,175.327,180.543,213.463,251.905,
1445.712,171.579,172.816,175.296,180.636,214.244,251.936,
1446.212,171.829,172.816,175.234,180.636,212.338,251.811,
1446.744,171.548,172.441,174.890,180.355,213.213,252.467,
1447.244,171.110,172.254,174.890,180.261,212.275,252.123,
1447.744,171.766,173.004,174.640,180.386,212.306,252.123,
1448.275,171.954,172.941,175.015,180.511,212.744,251.248,
1448.775,172.141,173.316,175.421,180.449,214.181,251.998,
1449.275,172.391,173.316,175.484,180.699,212.963,253.155,
1449.806,172.516,173.660,175.671,181.261,211.994,252.655,
1450.306,172.485,173.816,175.734,181.011,212.150,251.311,
1450.806,172.829,174.035,176.015,181.355,213.681,252.373,
1451.337,172.829,174.222,176.452,181.418,212.400,252.373,
1451.837,173.266,174.441,176.077,181.230,213.056,251.842,
1452.337,173.391,174.410,176.234,181.324,213.431,252.748,
1452.869,173.298,174.410,176.640,181.574,213.869,252.530,
1453.369,173.110,174.535,176.577,182.011,213.525,253.248,
1453.869,172.673,174.222,176.015,181.449,213.431,252.248,
1454.400,172.516,173.785,175.734,181.105,212.588,251.748,
1454.900,172.204,173.254,175.327,180.449,212.181,252.936,
1455.400,172.266,172.941,174.546,179.699,211.088,251.592,
1455.931,172.110,172.941,174.640,179.199,210.681,250.623,
1456.431,171.829,173.004,174.515,179.199,211.244,249.342,
1456.931,171.735,172.910,174.452,179.449,211.838,251.311,
1457.462,171.579,172.660,174.265,179.199,211.150,249.998,
1457.962,171.516,172.410,174.327,179.043,210.869,249.842,
1458.494,171.516,172.847,174.421,179.074,211.025,251.186,
1458.994,171.704,172.722,174.671,179.324,211.650,250.248,
1459.494,171.985,172.754,174.577,179.074,212.088,250.561,
1460.025,171.829,172.754,174.671,179.324,212.088,250.498,
1460.525,171.673,172.754,174.671,179.230,211.306,250.061,
1461.025,171.454,172.722,174.296,179.074,211.838,249.436,
1461.556,171.329,172.472,174.077,178.886,210.369,249.186,
1462.056,171.485,172.472,174.265,179.199,209.994,250.748,
1462.556,171.360,172.660,174.452,178.949,209.994,250.405,
1463.087,171.641,172.722,174.140,179.168,211.244,250.123,
1463.587,171.610,172.722,174.265,178.886,211.213,247.155,
1464.087,171.423,172.441,174.265,178.886,212.088,247.623,
1464.619,171.235,172.566,174.171,178.605,210.213,248.873,
1465.119,171.235,172.410,174.015,178.730,209.900,248.405,
1465.619,171.204,172.410,174.234,179.043,211.088,250.061,
1466.150,171.173,172.379,174.296,178.918,211.369,249.248,
1466.650,171.110,172.597,174.234,178.824,211.150,248.373,
1467.150,171.204,172.785,174.234,179.043,211.681,248.905,
1467.681,171.360,172.472,174.202,179.105,212.494,248.342,
1468.181,171.485,172.722,174.296,178.855,210.588,249.342,
1468.681,171.360,172.472,174.234,178.980,211.619,249.686,
1469.212,171.360,172.472,174.515,178.918,210.650,249.123,
1469.712,171.360,172.285,174.421,178.980,211.619,249.092,
1470.212,171.016,172.504,174.140,178.855,211.838,248.155,
1470.744,171.079,172.504,174.296,178.855,210.056,250.436,
1471.244,171.360,172.129,174.265,178.949,210.056,250.123,
1471.744,171.204,172.379,174.140,178.949,211.306,248.248,
1472.275,170.954,172.535,174.421,179.011,211.463,249.061,
1472.775,170.985,172.504,174.296,178.949,209.931,248.842,
1473.275,171.048,172.504,174.609,179.449,209.400,250.592,
1473.806,171.079,172.472,174.421,178.980,209.338,249.811,
1474.306,170.829,172.379,174.234,178.761,209.931,248.436,
1474.806,171.110,172.660,174.421,178.574,209.025,248.655,
1475.337,171.141,172.566,174.077,178.480,208.744,248.311,
1475.837,171.298,172.316,173.921,178.293,208.619,247.655,
1476.337,171.016,172.379,173.984,178.511,209.306,249.248,
1476.869,171.516,172.629,174.202,178.168,208.650,248.342,
1477.369,171.266,172.785,174.109,178.355,209.025,248.373,
1477.869,170.954,172.472,174.015,178.230,209.556,248.561,
1478.400,171.110,172.472,173.921,177.761,209.806,247.811,
1478.900,170.766,172.379,173.765,178.011,209.400,247.842,
1479.431,170.891,172.097,173.640,177.793,208.963,247.842,
1479.931,170.579,172.066,173.546,177.793,189.150,248.280,
1480.431,170.391,171.722,173.702,177.730,208.838,247.498,
1480.962,170.860,172.254,174.015,178.199,209.619,247.780,
1481.462,171.610,173.441,175.234,179.543,211.213,250.530,
1481.962,173.173,175.254,177.202,182.168,213.275,254.748,
1482.494,174.735,176.691,178.952,184.011,211.275,257.311,
1482.994,175.516,177.004,178.952,184.418,215.994,257.686,
1483.494,175.485,176.910,178.859,184.355,216.681,256.186,
1484.025,174.923,176.785,178.671,184.074,216.088,255.280,
1484.525,174.048,175.847,177.765,183.511,216.306,254.498,
1485.025,172.266,174.035,176.202,181.855,214.806,253.655,
1485.556,170.985,172.535,174.546,179.480,211.556,252.686,
1486.056,170.516,172.316,173.921,178.324,210.275,249.748,
1486.556,170.454,171.941,173.921,177.949,209.338,247.811,
1487.087,170.141,171.941,173.515,178.074,209.056,248.217,
1487.587,169.641,171.222,173.171,177.824,208.056,247.311,
1488.087,169.579,171.222,172.640,177.480,208.181,247.405,
1488.619,169.360,171.160,172.577,177.074,207.650,246.373,
1489.119,169.266,170.879,172.296,177.011,208.150,246.405,
1489.619,169.360,171.129,172.390,176.699,207.056,246.873,
1490.150,169.141,170.816,172.359,176.949,207.338,246.123,
1490.650,168.923,170.597,172.077,176.730,207.400,245.717,
1491.150,169.079,170.847,172.109,176.543,207.713,244.717,
1491.681,169.016,170.816,172.234,176.605,208.056,245.686,
1492.181,168.954,170.441,172.046,176.355,207.056,245.342,
1492.681,168.704,170.316,172.296,176.636,206.744,244.780,
1493.212,168.766,170.379,172.046,176.511,208.088,244.217,
1493.712,168.735,170.379,171.921,175.886,206.650,245.873,
1494.212,168.673,170.097,172.171,176.261,206.994,245.217,
1494.744,168.579,170.472,172.171,176.543,207.619,245.373,
1495.244,168.766,170.722,172.140,176.543,207.306,245.498,
1495.744,168.798,170.566,172.140,176.355,207.306,244.873,
1496.275,168.485,169.941,172.265,176.230,205.650,244.780,
1496.775,168.485,170.285,171.952,176.324,206.181,242.967,
1497.275,168.516,170.066,171.702,176.136,206.056,244.342,
1497.806,168.485,169.816,171.671,175.949,206.244,244.623,
1498.306,168.423,169.785,171.921,175.855,206.306,243.842,
1498.837,168.423,170.066,171.734,175.668,206.400,243.405,
1499.337,168.704,170.472,171.984,176.105,206.275,244.342,
1499.837,168.329,170.222,171.921,176.168,206.463,243.811,
1500.369,168.610,169.941,171.765,176.293,207.431,243.811,
1500.869,168.798,170.660,172.202,176.543,207.306,244.530,
1501.369,168.766,170.504,171.921,176.386,207.806,244.123,
1501.900,168.423,170.035,171.765,176.386,205.963,244.373,
1502.400,168.173,169.816,171.671,175.918,206.275,244.686,
1502.900,167.766,169.785,171.359,175.761,206.056,244.061,
1503.431,167.704,169.597,171.171,175.324,205.150,243.373,
1503.931,167.454,168.910,170.734,174.886,204.556,242.655,
1504.431,167.141,168.941,170.671,174.980,205.681,241.967,
1504.962,167.173,169.441,170.859,175.136,205.338,243.623,
1505.462,166.985,168.847,170.546,174.855,204.869,242.842,
1505.962,166.798,168.441,170.171,174.574,205.713,243.780,
1506.494,166.766,168.972,170.327,174.449,206.088,243.748,
1506.994,166.798,169.004,170.452,174.511,205.963,243.655,
1507.494,166.798,168.722,170.515,174.449,205.963,243.373,
1508.025,166.985,168.785,170.577,174.605,205.963,242.342,
1508.525,167.235,169.472,171.077,175.293,207.556,243.061,
1509.025,167.891,169.910,171.577,175.636,206.963,245.248,
1509.556,167.923,169.847,171.546,175.918,207.150,245.717,
1510.056,167.235,169.347,170.984,175.543,207.244,243.717,
1510.556,166.923,169.066,170.765,175.543,205.869,242.342,
1511.087,166.360,168.347,170.484,174.824,206.650,241.967,
1511.587,165.516,167.566,169.827,174.386,204.806,242.592,
1512.087,165.985,167.972,169.609,173.855,205.681,243.561,
1512.619,166.516,168.722,170.140,174.730,206.056,243.405,
1513.119,166.798,168.597,170.702,175.324,206.525,244.936,
1513.619,166.360,168.472,170.609,175.261,206.525,243.748,
1514.150,166.298,168.629,170.327,175.324,206.806,243.592,
1514.650,167.235,169.566,170.765,175.324,206.650,244.155,
1515.150,168.141,170.472,171.984,176.011,208.056,245.186,
1515.681,168.141,170.004,172.140,176.699,208.025,246.061,
1516.181,168.266,169.847,172.077,176.043,207.869,246.373,
1516.681,167.673,169.566,171.577,176.261,207.744,244.967,
1517.212,167.798,169.941,171.359,175.886,208.181,245.155,
1517.712,167.766,169.629,171.452,175.386,207.744,245.248,
1518.212,167.610,169.754,171.452,175.543,206.619,245.280,
1518.744,168.048,169.754,171.140,175.886,207.525,244.436,
1519.244,167.829,169.597,171.296,176.043,207.181,244.998,
1519.775,167.579,169.222,171.202,176.043,206.744,246.655,
1520.275,167.641,169.379,171.640,176.230,206.650,244.061,
1520.775,167.641,169.629,171.640,176.324,207.838,245.217,
1521.306,167.704,169.441,171.609,176.480,208.181,245.311,
1521.806,167.548,169.379,171.421,176.636,208.150,247.092,
1522.306,167.548,169.597,171.827,176.324,208.369,247.248,
1522.837,167.735,169.722,171.734,176.293,208.650,245.592,
1523.337,167.641,170.066,171.827,176.480,208.244,246.342,
1523.837,168.141,170.410,172.265,177.011,208.369,247.186,
1524.369,168.329,170.785,172.796,177.199,208.744,247.186,
1524.869,168.829,171.160,172.734,177.136,208.088,246.061,
1525.369,169.048,171.222,172.890,177.574,207.619,245.998,
1525.900,169.485,171.691,173.046,177.761,207.681,247.155,
1526.400,169.360,171.535,172.890,177.543,208.869,246.342,
1526.900,169.923,171.941,173.327,178.136,207.775,246.092,
1527.431,170.141,172.129,173.890,178.418,207.775,246.780,
1527.931,170.423,172.191,173.859,178.386,208.619,246.405,
1528.431,170.454,172.004,173.484,177.699,208.963,247.967,
1528.962,170.391,172.160,173.577,177.793,208.431,247.530,
1529.462,170.641,172.254,173.952,177.886,209.556,247.811,
1529.962,170.391,172.597,174.046,178.543,208.556,247.311,
1530.494,170.579,172.847,174.202,178.980,209.306,247.155,
1530.994,170.173,172.129,173.859,178.855,209.681,248.217,
1531.494,169.579,171.691,173.484,177.886,208.525,247.280,
1532.025,169.391,171.691,173.140,177.543,208.963,247.373,
1532.525,168.954,171.504,173.015,177.605,208.619,246.530,
1533.025,168.923,171.504,173.234,177.699,207.744,245.436,
1533.556,168.985,171.472,173.390,178.136,202.119,247.373,
1534.056,168.954,171.097,173.327,177.949,209.431,248.155,
1534.556,168.641,171.379,173.046,177.699,208.463,248.436,
1535.087,168.954,171.941,173.390,177.855,189.150,247.967,
1535.587,169.641,171.785,173.859,178.105,209.994,247.998,
1536.087,169.579,171.816,173.702,178.355,210.025,247.998,
1536.619,169.735,172.129,174.077,178.449,209.088,249.592,
1537.119,169.610,172.035,174.077,178.449,209.556,248.092,
1537.619,169.579,171.816,173.796,178.668,209.994,248.092,
1538.150,169.923,172.129,174.046,178.761,209.681,249.248,
1538.650,169.954,172.285,174.171,178.918,210.400,251.092,
1539.150,170.423,172.566,174.390,178.886,209.900,249.717,
1539.681,171.079,172.785,174.640,179.480,211.119,250.967,
1540.181,171.391,172.941,175.109,179.543,210.838,249.936,
1540.712,171.298,173.129,175.171,179.980,210.525,249.936,
1541.212,171.985,173.785,175.765,180.136,210.525,250.748,
1541.712,171.829,174.097,176.202,180.418,195.963,251.811,
1542.244,171.173,173.410,175.484,180.168,210.806,250.217,
1542.744,170.673,173.097,175.484,180.043,211.338,251.217,
1543.244,170.954,173.410,175.546,180.168,211.369,251.717,
1543.775,170.829,173.629,175.546,180.168,195.056,252.092,
1544.275,170.891,173.472,175.702,180.168,213.213,252.092,
1544.775,171.235,174.066,176.077,180.636,213.650,251.873,
1545.306,171.548,174.066,176.140,181.043,212.931,252.686,
1545.806,171.485,174.129,176.140,181.136,212.306,251.561,
1546.306,171.610,173.941,176.015,180.699,211.838,250.905,
1546.837,171.673,174.097,175.827,180.480,212.713,250.186,
1547.337,172.110,174.097,176.202,181.293,211.994,250.873,
1547.837,172.423,174.410,176.484,181.355,211.556,252.686,
1548.369,172.329,174.129,176.140,181.043,212.900,253.592,
1548.869,172.329,174.347,176.390,181.136,199.650,254.280,
1549.369,172.391,174.347,176.452,181.293,213.463,253.155,
1549.900,172.798,174.410,176.484,181.418,201.244,251.998,
1550.400,172.985,174.722,176.609,181.793,213.494,253.623,
1550.900,173.329,175.160,176.921,181.918,212.400,252.311,
1551.431,173.329,175.379,177.015,181.918,213.213,253.905,
1551.931,173.579,175.629,177.171,182.043,213.494,253.811,
1552.431,173.579,175.879,177.234,181.980,193.931,252.998,
1552.962,174.016,175.972,177.234,182.199,212.556,252.186,
1553.462,173.985,175.785,176.952,182.043,210.681,254.155,
1553.962,173.235,175.129,176.702,182.043,213.056,253.811,
1554.494,173.235,175.129,177.296,182.199,213.181,253.811,
1554.994,173.360,175.129,177.390,182.293,214.088,253.998,
1555.494,173.173,175.191,177.202,182.355,212.525,253.998,
1556.025,173.173,175.285,177.234,182.605,203.838,255.467,
1556.525,172.860,175.379,177.109,181.949,214.275,253.748,
1557.025,173.173,175.379,177.202,182.074,213.900,253.342,
1557.556,173.329,175.847,178.015,182.636,195.431,255.561,
1558.056,173.798,176.129,178.390,182.949,211.713,255.248,
1558.556,173.485,176.222,178.077,183.043,206.556,254.467,
1559.087,173.235,175.785,178.015,182.918,214.025,253.717,
1559.587,173.673,176.472,178.296,182.793,194.463,252.092,
1560.119,174.235,176.754,178.765,183.293,193.775,253.498,
1560.619,174.641,176.847,178.702,183.324,214.275,253.811,
1561.119,174.798,176.847,178.452,182.949,194.619,253.780,
1561.650,174.610,176.566,178.296,182.855,195.931,252.248,
1562.150,174.548,175.972,177.765,182.074,192.931,252.061,
1562.650,174.204,176.254,177.796,182.261,211.431,252.811,
1563.181,174.266,176.160,177.484,182.355,211.588,251.498,
1563.681,174.173,176.347,177.452,182.793,195.994,251.780,
1564.181,174.329,176.316,177.952,182.480,193.369,251.748,
1564.712,174.204,176.347,178.109,182.668,194.088,252.186,
1565.212,173.923,176.316,177.765,182.605,193.619,251.873,
1565.712,173.985,176.566,177.827,183.105,195.963,252.061,
1566.244,173.923,176.160,177.609,182.730,213.150,252.936,
1566.744,173.423,175.535,177.171,181.886,204.463,251.998,
1567.244,173.048,175.066,176.952,181.699,191.681,250.311,
1567.775,173.141,174.660,176.515,181.511,191.431,250.061,
1568.275,172.923,174.691,176.390,181.230,191.431,249.717,
1568.775,173.423,175.066,176.546,181.074,190.306,250.811,
1569.306,173.798,175.660,177.015,181.293,199.963,250.217,
1569.806,173.641,175.504,177.546,181.668,206.213,249.373,
1570.306,173.454,175.129,177.327,181.324,211.181,250.217,
1570.837,173.266,175.254,177.046,181.480,191.181,249.748,
1571.337,173.798,175.785,177.640,181.949,192.400,250.717,
1571.837,174.360,175.972,177.796,182.761,192.150,252.030,
1572.369,174.360,176.535,178.140,183.418,212.306,252.342,
1572.869,174.048,175.941,177.921,182.730,213.025,252.592,
1573.369,173.391,175.566,177.140,182.230,192.681,251.623,
1573.900,173.954,176.004,177.640,182.324,192.088,249.780,
1574.400,174.266,175.722,177.577,182.418,191.931,249.030,
1574.900,174.048,175.910,177.421,181.886,205.150,248.811,
1575.431,173.454,175.316,176.952,181.668,191.869,249.030,
1575.931,173.016,174.285,176.015,181.168,190.213,247.623,
1576.431,172.141,173.629,175.046,179.636,189.681,245.936,
1576.962,171.798,173.129,174.452,178.824,188.619,245.592,
1577.462,171.673,172.910,174.577,178.761,187.744,245.061,
1577.962,171.673,173.160,174.484,178.699,188.713,246.655,
1578.494,170.391,171.879,173.327,177.668,188.494,244.217,
1578.994,169.141,170.285,171.452,175.574,205.400,241.811,
1579.494,168.860,169.785,170.765,174.793,203.806,239.811,
1580.025,168.673,169.629,170.984,175.043,204.244,240.748,
1580.525,168.204,169.285,170.796,174.980,184.900,240.061,
1581.056,168.110,169.097,170.296,174.449,184.213,240.405,
1581.556,168.204,169.097,170.202,173.730,186.650,239.498,
1582.056,168.454,169.879,170.234,174.449,183.650,239.936,
1582.587,169.985,171.629,171.734,176.168,184.619,240.436,
1583.087,172.673,174.191,174.515,178.761,188.650,244.248,
1583.587,174.298,175.816,177.046,181.293,191.306,247.342,
1584.119,175.173,176.910,178.202,183.074,191.775,251.248,
1584.619,175.579,177.441,178.859,183.980,194.181,252.748,
1585.119,175.923,177.722,179.452,184.418,194.431,255.186,
1585.650,176.204,177.972,179.984,185.324,196.713,256.686,
1586.150,176.329,177.972,180.265,185.543,197.306,257.311,
1586.650,176.329,178.347,180.171,185.886,198.463,257.342,
1587.181,176.360,178.472,180.609,186.355,197.869,258.030,
1587.681,176.610,178.504,180.702,186.136,197.775,257.623,
1588.181,177.516,179.222,180.890,186.199,219.369,260.280,
1588.712,177.641,179.660,181.671,186.949,200.681,259.748,
1589.212,177.485,179.597,181.484,187.230,198.400,260.936,
1589.712,177.610,179.504,181.609,187.293,198.619,261.623,
1590.244,177.829,180.035,182.421,187.949,199.306,261.655,
1590.744,178.360,180.847,183.077,188.480,199.494,263.686,
1591.244,178.485,180.691,183.359,189.105,201.119,264.311,
1591.775,178.266,180.566,183.390,189.168,201.306,264.686,
1592.275,178.329,180.316,183.077,189.043,206.056,262.592,
1592.775,178.641,180.816,183.359,189.324,202.525,262.498,
1593.306,178.735,181.254,183.796,189.699,201.994,263.905,
1593.806,178.735,180.566,183.765,189.511,201.525,265.592,
1594.306,178.141,180.472,183.452,189.355,202.338,264.092,
1594.837,178.610,180.410,183.671,189.074,200.744,262.217,
1595.337,178.610,180.816,183.734,189.699,201.494,262.373,
1595.837,178.235,180.816,183.421,189.230,221.681,263.373,
1596.369,178.891,180.972,183.515,189.324,201.088,263.998,
1596.869,178.735,180.910,183.827,189.886,202.713,264.436,
1597.369,178.423,180.816,183.515,189.074,202.088,263.467,
1597.900,178.266,180.691,183.296,189.105,201.931,260.905,
1598.400,178.485,180.691,183.234,188.980,202.306,261.405,
1598.900,178.704,180.816,183.171,189.136,202.494,262.686,
1599.431,178.329,180.316,183.359,189.105,202.900,264.311,
1599.931,177.454,179.566,182.577,188.355,199.869,261.530,
1600.431,177.110,178.972,181.921,188.074,201.806,260.905,
1600.962,177.360,179.722,182.702,188.668,200.369,261.311,
1601.462,177.485,179.879,182.671,188.636,199.900,261.030,
1601.994,177.173,179.660,182.515,188.168,201.463,260.342,
1602.494,177.641,179.691,182.577,188.449,199.713,262.811,
1602.994,178.610,180.754,183.265,189.011,199.994,262.936,
1603.525,178.610,181.129,183.890,189.636,201.306,262.717,
1604.025,178.860,180.816,183.984,189.730,202.838,261.936,
1604.525,178.735,180.879,183.827,189.293,200.775,261.873,
1605.056,178.173,180.847,183.296,189.074,201.056,261.592,
1605.556,177.641,180.066,182.390,188.199,200.275,260.967,
1606.056,177.548,180.129,182.577,188.199,200.619,259.780,
1606.587,177.891,180.285,182.827,188.386,201.025,261.936,
1607.087,177.923,180.004,182.734,188.605,200.963,263.217,
1607.587,177.610,179.722,182.640,188.136,199.775,262.092,
1608.119,177.329,179.597,182.515,188.074,199.556,262.280,
1608.619,177.891,180.035,182.609,188.699,201.994,262.873,
1609.119,178.423,181.035,183.702,189.543,203.244,263.530,
1609.650,178.423,181.379,183.984,189.761,205.213,263.123,
1610.150,178.610,181.316,184.109,189.761,203.588,262.248,
1610.650,179.110,181.660,184.546,190.386,203.213,263.405,
1611.181,179.391,182.191,185.265,191.074,204.681,265.030,
1611.681,179.391,182.472,185.702,191.543,204.369,265.311,
1612.181,179.016,182.222,185.577,191.480,203.650,265.655,
1612.712,178.704,181.566,185.046,190.886,203.525,265.248,
1613.212,178.391,181.722,184.671,190.386,203.525,264.998,
1613.712,178.704,182.129,185.234,191.449,201.056,264.998,
1614.244,178.298,181.972,185.859,191.793,202.775,265.967,
1614.744,177.798,181.535,185.640,191.480,203.806,267.498,
1615.244,178.173,181.629,185.734,191.386,203.056,267.592,
1615.775,178.579,182.566,186.484,192.324,204.494,267.436,
1616.275,178.891,182.941,187.327,193.011,205.525,267.186,
1616.775,179.329,183.191,187.390,193.543,206.244,267.748,
1617.306,178.923,183.129,187.577,193.136,205.775,268.811,
1617.806,178.298,183.066,187.046,193.418,205.463,268.217,
1618.306,178.266,182.754,187.077,192.980,205.119,266.905,
1618.837,178.266,183.160,187.140,193.324,205.806,267.842,
1619.337,178.548,183.410,187.296,193.449,205.838,267.092,
1619.837,178.516,183.410,187.546,193.386,206.588,269.186,
1620.369,178.204,183.254,187.327,193.324,205.681,267.561,
1620.869,178.485,183.410,187.390,193.543,206.150,267.905,
1621.400,179.204,184.254,187.984,193.980,207.838,269.936,
1621.900,179.266,185.097,188.609,194.355,207.119,269.342,
1622.400,179.641,185.316,188.359,194.355,207.025,269.873,
1622.931,179.329,184.472,188.077,194.199,207.619,268.342,
1623.431,180.110,184.379,187.952,193.980,207.744,269.280,
1623.931,179.798,184.504,187.859,194.011,207.588,269.561,
1624.462,179.548,184.347,187.640,193.793,207.431,267.467,
1624.962,179.798,183.816,186.609,193.543,206.463,267.155,
1625.462,179.204,182.785,185.952,192.918,204.869,268.061,
1625.994,178.860,182.191,185.390,192.011,204.994,267.905,
1626.494,179.235,182.160,185.202,191.886,204.213,267.842,
1626.994,179.235,182.097,185.046,191.980,205.556,267.717,
1627.525,179.235,182.191,184.640,191.949,205.119,267.936,
1628.025,179.235,181.597,184.890,192.261,204.525,268.030,
1628.525,179.048,181.597,184.359,192.043,203.744,268.780,
1629.056,179.048,181.754,184.359,191.699,204.056,267.498,
1629.556,179.048,181.316,184.046,191.699,204.431,268.123,
1630.056,178.860,181.066,183.984,191.886,204.525,268.217,
1630.587,178.610,180.629,183.796,191.293,205.525,266.936,
1631.087,177.954,180.441,183.640,190.918,224.994,266.217,
1631.587,178.579,181.004,184.015,191.449,205.338,265.311,
1632.119,179.048,181.347,184.734,191.668,205.213,266.561,
1632.619,178.829,181.285,184.327,191.980,205.025,267.561,
1633.119,178.735,181.222,183.984,191.793,205.713,268.092,
1633.650,178.798,181.222,184.515,192.043,205.588,267.530,
1634.150,178.766,181.410,184.702,192.699,206.713,267.748,
1634.650,178.923,181.660,185.077,192.636,206.806,268.530,
1635.181,179.173,181.660,184.952,192.168,206.213,268.405,
1635.681,178.735,181.566,184.640,192.043,204.556,268.342,
1636.181,178.735,181.629,184.952,192.324,206.806,269.217,
1636.712,178.829,181.566,184.859,192.793,207.088,268.436,
1637.212,179.048,181.472,185.015,192.949,203.838,268.967,
1637.712,179.329,181.660,185.077,193.136,205.275,268.842,
1638.244,179.173,181.660,185.609,192.918,207.650,269.030,
1638.744,178.891,181.660,185.234,192.918,206.650,266.873,
1639.244,179.360,182.254,185.327,192.980,206.806,269.373,
1639.775,180.048,182.629,185.890,193.230,207.494,270.280,
1640.275,179.641,182.629,185.796,193.543,207.494,270.280,
1640.775,179.704,182.535,185.890,193.418,206.275,269.155,
1641.306,180.016,182.847,186.171,193.761,207.088,269.155,
1641.806,180.641,183.379,186.515,194.105,207.775,268.592,
1642.337,180.485,183.129,186.734,194.511,207.650,269.748,
1642.837,180.079,182.910,186.390,193.918,207.556,269.498,
1643.337,179.516,182.191,185.859,193.855,206.869,269.998,
1643.869,179.235,181.941,185.452,193.636,205.463,268.873,
1644.369,179.423,182.316,185.609,193.605,218.588,269.373,
1644.869,179.673,182.410,185.702,193.761,209.181,270.248,
1645.400,179.891,182.691,185.827,193.886,207.244,269.248,
1645.900,179.985,182.316,185.640,193.824,206.494,269.936,
1646.400,179.641,182.316,185.734,193.480,207.338,269.998,
1646.931,179.923,182.910,185.265,193.699,206.775,269.998,
1647.431,180.204,183.097,185.921,193.824,207.431,270.748,
1647.931,180.266,182.816,186.109,194.043,207.869,270.311,
1648.462,180.329,182.410,185.796,193.699,207.650,270.498,
1648.962,179.829,182.379,185.546,193.168,206.994,270.967,
1649.462,180.016,182.410,185.546,192.980,207.713,269.530,
1649.994,180.579,183.254,185.734,193.199,206.369,271.186,
1650.494,180.579,183.035,186.015,193.386,208.119,270.998,
1650.994,180.423,182.785,185.859,193.543,206.431,271.186,
1651.525,180.204,182.566,185.359,192.980,206.431,270.280,
1652.025,180.391,182.566,185.452,192.761,207.588,270.155,
1652.525,180.298,183.004,185.484,192.855,205.963,270.186,
1653.056,180.548,182.972,185.765,192.855,206.869,268.155,
1653.556,180.860,182.816,185.421,192.543,206.744,268.998,
1654.056,181.204,183.160,185.609,192.699,205.525,270.561,
1654.587,181.173,183.504,185.577,192.730,205.806,270.311,
1655.087,181.360,183.441,185.609,192.886,205.119,270.248,
1655.587,181.798,183.285,185.671,192.605,205.650,270.123,
1656.119,181.173,183.097,185.609,192.199,206.025,269.530,
1656.619,180.923,183.129,184.921,191.511,205.900,269.467,
1657.119,181.141,183.441,185.140,191.261,205.119,269.217,
1657.650,181.141,183.597,185.515,191.699,204.806,267.717,
1658.150,181.454,183.472,185.515,191.605,206.088,267.873,
1658.650,181.454,183.660,185.702,191.605,204.431,266.998,
1659.181,181.735,183.691,185.702,192.074,204.275,267.998,
1659.681,182.391,184.535,186.109,192.324,204.369,267.686,
1660.181,182.641,184.316,186.077,192.168,205.463,268.030,
1660.712,182.641,184.254,186.171,191.449,204.119,265.248,
1661.212,182.204,184.004,185.890,191.355,203.150,264.998,
1661.712,182.016,183.535,185.640,191.136,202.931,264.467,
1662.244,181.860,183.597,185.484,191.136,202.275,264.842,
1662.744,181.891,183.535,185.234,190.699,201.713,264.967,
1663.275,181.579,183.379,185.202,190.543,201.525,265.280,
1663.775,181.298,183.004,185.015,190.136,201.556,263.311,
1664.275,180.891,182.535,184.765,189.574,202.838,262.217,
1664.806,181.329,182.972,184.921,190.480,202.775,261.842,
1665.306,181.641,183.441,185.452,190.793,202.556,262.280,
1665.806,181.516,183.785,185.421,190.636,201.931,262.405,
1666.337,181.641,183.472,185.109,190.605,200.369,263.873,
1666.837,181.298,182.847,184.452,190.480,201.088,264.405,
1667.337,180.954,182.816,184.702,189.918,202.588,262.561,
1667.869,181.360,183.097,185.171,189.980,201.088,262.186,
1668.369,181.673,183.254,185.265,190.386,200.806,263.717,
1668.869,181.579,183.254,185.140,190.855,200.588,262.186,
1669.400,181.235,183.222,184.640,190.386,200.744,262.592,
1669.900,181.110,183.316,184.765,190.543,201.900,263.623,
1670.400,181.548,183.222,185.265,191.199,202.056,262.842,
1670.931,181.485,183.316,185.546,191.324,200.838,263.030,
1671.431,181.766,183.660,185.327,191.324,203.025,262.373,
1671.931,181.891,183.816,185.702,191.355,202.431,263.436,
1672.462,182.141,183.972,186.265,191.699,201.869,263.155,
1672.962,182.235,184.379,186.265,191.355,202.119,262.061,
1673.462,182.423,184.316,186.077,191.636,202.963,262.686,
1673.994,182.516,183.785,186.077,191.293,201.963,263.030,
1674.494,182.141,183.754,185.984,191.386,202.931,264.123,
1674.994,182.235,184.316,185.890,191.449,202.369,262.436,
1675.525,182.235,184.410,186.046,191.574,202.744,263.530,
1676.025,182.485,184.379,186.202,191.761,203.213,262.311,
1676.525,182.485,184.566,186.296,192.011,203.338,263.561,
1677.056,182.548,183.972,185.952,191.355,201.431,262.436,
1677.556,182.266,183.660,185.421,191.074,201.275,262.280,
1678.056,181.579,183.191,185.077,191.199,202.056,261.436,
1678.587,181.110,183.285,185.109,190.761,202.681,262.405,
1679.087,180.798,182.785,184.859,190.324,201.150,262.530,
1679.587,180.516,182.379,184.484,190.011,200.931,260.498,
1680.119,180.391,182.379,184.421,189.949,201.025,260.186,
1680.619,180.673,182.660,184.796,190.230,201.275,260.311,
1681.119,181.423,183.597,185.359,190.761,202.119,261.561,
1681.650,181.454,183.629,185.546,191.199,202.931,262.061,
1682.150,181.548,183.629,185.796,191.293,202.431,262.842,
1682.681,181.548,183.379,185.984,191.293,201.400,262.186,
1683.181,181.641,183.566,185.796,191.543,201.556,261.342,
1683.681,181.235,183.535,185.734,191.105,202.213,262.186,
1684.212,180.798,183.004,185.421,190.824,201.338,262.123,
1684.712,180.110,182.472,184.921,190.324,201.369,260.748,
1685.212,179.641,182.035,184.202,189.574,201.681,261.280,
1685.744,179.704,181.972,184.077,189.511,201.494,259.967,
1686.244,179.704,182.004,184.421,189.605,201.275,260.717,
1686.744,179.141,181.566,183.796,189.261,200.244,260.248,
1687.275,179.141,181.785,183.640,189.511,201.588,260.530,
1687.775,179.673,182.191,183.952,189.699,200.994,260.811,
1688.275,180.110,182.316,184.265,190.011,200.681,262.217,
1688.806,180.235,182.535,184.609,190.105,200.556,260.936,
1689.306,180.079,182.535,184.609,190.293,201.369,261.342,
1689.806,180.266,182.847,184.921,190.293,201.150,260.936,
1690.337,181.079,183.316,185.702,190.730,201.369,261.405,
1690.837,181.329,183.504,185.640,191.230,200.244,259.748,
1691.337,180.048,182.097,184.077,189.980,199.744,259.436,
1691.869,178.516,180.504,182.202,188.293,199.744,258.436,
1692.369,178.204,179.972,182.109,187.855,198.681,257.717,
1692.869,178.610,180.535,182.796,188.074,198.713,258.873,
1693.400,179.204,181.566,183.671,188.793,199.181,258.873,
1693.900,179.391,181.691,184.359,189.605,200.275,259.998,
1694.400,179.360,181.910,184.265,189.699,199.838,261.467,
1694.931,179.548,182.191,184.546,189.699,198.588,259.280,
1695.431,180.266,182.941,184.702,190.136,200.056,259.373,
1695.931,180.829,182.941,185.546,190.574,201.150,259.217,
1696.462,180.829,182.941,185.452,191.105,200.963,260.780,
1696.962,180.360,183.066,185.171,190.511,200.900,260.686,
1697.462,180.610,183.066,185.452,190.793,200.931,260.373,
1697.994,180.266,182.816,184.984,190.730,200.056,260.842,
1698.494,179.485,182.160,184.452,189.980,200.431,261.123,
1698.994,179.391,181.816,184.327,189.136,200.369,260.592,
1699.525,179.204,181.504,183.765,189.011,199.463,258.998,
1700.025,178.235,180.941,183.109,188.543,199.369,257.905,
1700.525,178.235,180.910,183.109,188.543,198.556,259.092,
1701.056,178.704,181.410,183.577,189.074,199.306,260.061,
1701.556,178.423,181.129,183.515,189.136,200.213,257.873,
1702.056,178.110,180.597,183.015,188.668,199.681,258.936,
1702.587,177.329,180.035,182.140,188.011,198.838,258.936,
1703.087,177.454,180.347,182.421,187.730,198.713,258.061,
1703.619,178.735,181.285,183.484,188.730,198.994,258.280,
1704.119,179.516,182.035,184.327,189.949,200.088,259.373,
1704.619,179.704,182.191,184.359,190.105,200.775,259.373,
1705.150,179.891,182.410,184.546,190.324,200.556,260.217,
1705.650,180.141,182.472,184.327,190.199,199.838,259.842,
1706.150,180.204,182.691,184.734,190.199,199.244,259.686,
1706.681,179.954,182.472,184.296,189.918,199.744,259.686,
1707.181,179.516,182.316,184.265,189.730,199.369,258.405,
1707.681,179.985,182.660,184.265,189.886,199.463,259.998,
1708.212,180.860,183.472,185.077,190.605,200.713,260.686,
1708.712,180.798,183.066,185.046,190.886,202.275,260.311,
1709.212,181.079,183.441,185.171,190.824,200.431,258.061,
1709.744,181.954,183.629,185.390,190.730,200.463,258.186,
1710.244,181.079,183.316,185.296,190.699,201.150,259.842,
1710.744,180.423,182.722,184.827,189.949,201.181,259.905,
1711.275,180.579,182.910,184.671,189.949,198.994,259.467,
1711.775,180.704,182.691,184.609,189.949,200.056,258.530,
1712.275,179.485,182.066,183.640,189.418,198.869,258.530,
1712.806,179.423,181.847,183.890,189.324,198.713,257.498,
1713.306,179.954,182.504,184.390,189.793,199.400,257.467,
1713.806,179.704,182.597,184.296,189.511,198.775,258.967,
1714.337,178.860,181.754,183.734,189.418,198.994,258.873,
1714.837,177.391,179.754,182.234,187.949,197.681,258.592,
1715.337,176.548,179.004,180.921,185.949,195.744,256.061,
1715.869,176.548,179.347,180.952,186.293,195.994,256.186,
1716.369,177.516,180.097,182.046,187.574,197.213,256.686,
1716.869,177.860,180.379,182.671,188.011,197.619,256.998,
1717.400,177.360,179.535,181.734,186.636,197.525,256.405,
1717.900,175.829,178.129,179.984,185.011,195.713,253.186,
1718.400,173.829,176.254,177.484,182.543,192.181,250.967,
1718.931,171.891,174.097,175.327,180.668,189.306,246.967,
1719.431,170.641,172.316,174.046,178.293,187.463,243.030,
1719.931,170.204,171.629,173.140,177.636,186.806,243.186,
1720.462,171.110,172.566,173.984,178.636,188.556,243.436,
1720.962,173.548,175.379,176.796,181.699,192.150,248.373,
1721.462,175.704,178.097,179.421,184.730,195.463,252.248,
1721.994,176.329,178.191,180.140,185.386,195.713,253.592,
1722.494,175.766,177.410,179.234,184.574,194.400,252.748,
1722.994,175.673,177.816,179.484,184.386,194.181,252.405,
1723.525,177.204,179.785,181.515,185.761,195.869,253.686,
1724.025,178.860,181.410,183.202,188.511,197.588,256.248,
1724.556,179.141,181.347,183.265,188.761,198.963,257.217,
1725.056,177.704,180.004,182.234,187.511,199.275,256.717,
1725.556,178.048,180.472,182.265,187.793,198.931,256.405,
1726.087,180.548,182.722,184.640,189.605,200.244,258.123,
1726.587,181.173,183.160,184.952,190.574,201.213,259.342,
1727.087,180.516,182.160,184.390,189.355,199.900,258.748,
1727.619,180.641,182.566,184.327,189.293,198.369,259.467,
1728.119,181.485,183.504,185.296,190.105,201.525,260.842,
1728.619,182.485,184.504,186.015,190.730,202.838,261.936,
1729.150,183.235,185.410,186.827,192.355,203.150,263.967,
1729.650,185.923,187.754,189.327,194.355,205.400,266.030,
1730.150,189.923,191.535,192.359,196.980,208.400,267.655,
1730.681,193.141,194.379,195.546,199.730,210.150,270.623,
1731.181,194.173,195.191,196.421,201.261,211.369,273.186,
1731.681,193.641,194.879,196.109,201.043,212.463,273.967,
1732.212,191.985,193.597,194.827,200.136,211.119,272.186,
1732.712,190.048,191.316,192.827,198.293,208.556,270.811,
1733.212,187.704,189.472,190.640,196.136,206.650,267.405,
1733.744,186.391,188.222,189.452,194.418,205.931,265.311,
1734.244,186.266,187.972,189.546,194.136,204.869,264.498,
1734.744,185.454,186.972,188.952,193.699,203.994,262.405,
1735.275,185.048,186.441,187.890,193.199,203.744,263.092,
1735.775,185.641,187.066,188.327,193.449,203.744,262.936,
1736.275,186.579,187.941,189.702,194.449,203.275,263.342,
1736.806,187.329,189.066,190.046,195.043,205.119,264.686,
1737.306,188.548,189.879,190.952,195.543,206.338,265.311,
1737.806,189.891,191.379,192.452,196.636,206.400,266.592,
1738.337,190.891,192.379,193.327,198.136,206.744,268.186,
1738.837,191.235,192.441,193.265,198.230,206.775,268.092,
1739.337,191.548,193.097,193.390,198.136,207.056,266.592,
1739.869,191.798,193.222,194.046,198.261,207.681,266.998,
1740.369,191.829,193.035,193.984,198.636,207.213,266.342,
1740.869,191.485,192.379,193.515,197.918,207.056,266.748,
1741.400,191.016,192.191,193.296,197.949,207.681,265.905,
1741.900,191.110,192.472,193.515,197.543,206.869,268.061,
1742.400,191.110,192.347,193.296,198.011,206.713,265.217,
1742.931,190.485,191.441,192.484,197.136,206.838,265.936,
1743.431,189.923,191.410,192.296,197.074,205.681,266.186,
1743.962,189.641,191.097,192.296,196.699,205.744,266.780,
1744.462,189.673,190.847,192.046,196.480,205.338,266.623,
1744.962,189.423,190.347,191.609,195.855,205.556,266.092,
1745.494,188.891,189.691,190.859,195.605,204.400,264.561,
1745.994,188.016,189.160,190.296,194.980,203.119,262.748,
1746.494,188.860,189.910,190.421,195.480,205.088,265.155,
1747.025,191.641,192.222,192.984,197.293,206.275,266.780,
1747.525,194.079,195.347,196.140,200.105,209.650,269.592,
1748.025,195.485,196.504,197.671,202.136,213.494,272.123,
1748.556,195.454,196.566,198.015,202.824,213.306,274.748,
1749.056,195.048,196.035,197.265,202.105,211.806,274.280,
1749.556,194.016,195.129,196.609,200.980,210.838,271.123,
1750.087,192.891,194.160,195.452,199.886,210.056,270.561,
1750.587,192.079,193.222,194.577,199.168,208.806,270.248,
1751.087,191.829,193.129,194.171,198.761,208.338,269.811,
1751.619,192.610,193.566,194.421,199.136,207.650,269.498,
1752.119,193.204,194.379,195.452,199.636,207.963,270.186,
1752.619,193.173,194.722,195.515,199.855,209.400,270.280,
1753.150,193.266,194.597,195.202,199.324,208.213,270.717,
1753.650,193.391,194.472,194.859,199.136,208.213,269.280,
1754.150,193.423,194.629,194.890,199.480,208.869,268.561,
1754.681,194.204,194.722,195.515,199.918,210.150,267.967,
1755.181,194.985,195.535,195.921,200.324,208.963,269.780,
1755.681,195.204,196.004,196.609,200.793,209.463,268.780,
1756.212,195.298,196.285,196.921,201.324,210.306,272.342,
1756.712,195.110,196.097,196.390,200.824,209.338,270.873,
1757.212,194.985,195.941,196.265,200.449,209.556,269.405,
1757.744,194.860,195.816,196.577,200.886,210.025,269.936,
1758.244,194.735,195.754,196.577,200.949,209.275,269.592,
1758.744,194.891,195.410,196.015,200.699,209.525,270.030,
1759.275,195.048,195.816,196.515,200.730,210.713,270.717,
1759.775,195.516,196.160,196.765,201.011,209.588,271.467,
1760.275,195.391,196.347,196.796,201.043,209.588,271.092,
1760.806,195.454,195.879,196.859,201.011,210.588,270.248,
1761.306,194.860,195.816,196.296,200.386,210.088,268.780,
1761.806,194.391,195.847,195.734,200.730,207.963,268.123,
1762.337,194.954,196.004,195.984,200.605,207.963,268.905,
1762.837,195.454,196.222,196.546,200.699,210.556,269.717,
1763.337,195.891,196.566,196.765,200.824,209.681,270.342,
1763.869,195.829,196.504,196.796,200.980,209.900,269.936,
1764.369,195.579,196.504,197.171,200.980,208.713,272.467,
1764.900,195.516,196.191,197.140,200.730,209.119,270.998,
1765.400,195.048,196.222,196.796,201.011,208.994,269.186,
1765.900,195.266,196.222,196.827,200.824,208.525,270.311,
1766.431,195.579,196.129,196.452,200.636,209.056,270.905,
1766.931,195.391,196.004,196.796,200.480,209.650,269.498,
1767.431,195.360,196.316,196.671,200.855,209.963,268.186,
1767.962,195.516,196.191,196.702,200.793,208.244,268.592,
1768.462,195.329,195.816,196.234,200.168,209.025,269.842,
1768.962,195.173,195.847,196.265,200.261,207.650,269.280,
1769.494,195.329,195.816,196.140,200.543,207.838,269.248,
1769.994,195.391,196.160,196.140,200.449,207.681,268.998,
1770.494,194.860,195.785,195.984,199.949,208.963,268.811,
1771.025,194.735,195.660,195.796,199.418,208.681,267.967,
1771.525,195.110,195.785,195.890,199.886,208.213,269.530,
1772.025,195.610,196.004,196.484,200.136,208.869,268.655,
1772.556,195.641,196.472,196.671,200.668,209.150,268.342,
1773.056,195.454,196.097,196.640,200.574,207.994,269.280,
1773.556,194.891,195.441,195.890,199.918,206.806,268.530,
1774.087,194.798,195.504,195.671,199.730,209.931,267.280,
1774.587,194.766,195.441,195.984,199.636,207.838,266.873,
1775.087,194.423,194.941,195.421,199.230,207.900,267.561,
1775.619,193.735,194.566,194.296,198.355,206.994,265.530,
1776.119,193.735,194.410,194.921,198.355,212.275,264.967,
1776.619,193.673,194.441,194.671,198.136,211.713,265.030,
1777.150,193.579,193.816,194.202,197.761,212.244,265.561,
1777.650,193.110,193.629,193.515,197.855,212.213,263.748,
1778.150,193.079,193.410,193.702,197.324,211.213,262.936,
1778.681,192.610,192.379,192.796,196.449,209.338,261.655,
1779.181,191.923,191.691,191.984,195.511,209.306,262.498,
1779.681,191.048,191.222,191.577,194.886,210.744,259.248,
1780.212,190.485,190.941,190.827,194.511,209.088,259.030,
1780.712,189.735,190.160,190.359,193.886,208.463,259.155,
1781.212,188.360,188.722,189.015,192.886,206.150,257.186,
1781.744,186.485,186.879,186.796,190.418,203.088,255.655,
1782.244,185.860,186.285,186.296,188.918,201.838,254.186,
1782.744,185.798,186.285,186.077,189.761,203.838,253.842,
1783.275,185.391,186.191,186.077,189.636,203.931,254.405,
1783.775,185.141,186.035,185.452,188.886,202.775,253.998,
1784.275,185.141,185.254,185.015,188.418,200.775,254.342,
1784.806,185.141,185.285,185.202,188.418,201.150,254.905,
1785.306,185.923,186.222,186.327,189.543,203.650,253.530,
1785.837,187.954,187.972,188.452,191.418,205.400,254.842,
1786.337,188.423,188.129,188.890,192.605,206.994,257.342,
1786.837,188.048,188.316,188.702,192.011,205.619,260.623,
1787.369,187.141,187.754,188.077,191.511,205.306,257.561,
1787.869,186.079,186.847,187.265,190.261,203.619,255.717,
1788.369,185.235,185.816,185.921,189.168,203.463,253.342,
1788.900,185.360,186.004,185.734,188.511,202.369,252.373,
1789.400,185.048,186.316,186.046,189.105,202.713,251.998,
1789.900,185.360,185.972,185.890,189.261,202.994,251.998,
1790.431,185.798,186.504,186.390,189.605,202.994,250.905,
1790.931,186.423,186.597,186.577,190.105,202.744,251.155,
1791.431,186.360,186.785,186.734,189.980,202.588,252.967,
1791.962,186.360,186.941,186.984,190.074,203.056,253.530,
1792.462,187.079,187.441,187.327,190.449,204.463,254.405,
1792.962,187.704,188.410,188.359,191.543,205.088,255.217,
1793.494,189.110,189.410,189.734,193.074,205.994,257.498,
1793.994,190.079,190.254,190.546,194.199,206.463,257.342,
1794.494,190.548,190.910,191.046,194.636,207.838,258.280,
1795.025,190.954,191.347,191.452,195.074,228.119,260.686,
1795.525,191.516,191.660,191.515,195.011,208.775,262.311,
1796.025,191.360,191.847,191.952,194.918,208.181,261.123,
1796.556,191.454,192.191,192.296,195.386,208.369,262.217,
1797.056,192.391,192.722,192.734,195.699,210.275,264.873,
1797.556,193.016,193.347,193.234,196.918,210.556,265.748,
1798.087,193.173,193.504,193.859,197.105,209.713,263.373,
1798.587,193.204,193.129,193.796,196.980,209.088,262.592,
1799.087,192.610,192.910,193.296,196.480,210.150,261.873,
1799.619,192.048,192.691,192.671,195.824,207.275,260.217,
1800.119,192.516,193.191,193.452,196.636,206.994,258.311,
1800.619,193.673,194.347,194.765,198.199,209.275,261.467,
1801.150,194.110,194.691,195.171,198.699,211.744,263.280,
1801.650,199.985,200.379,197.327,199.355,214.525,266.405,
